"","Dose","Brodie15.43_M1","Brodie15.43_M2","Brodie15.44_M2","Brodie15.46_M3","Brodie15.47_M1","Brodie15.48_M2","Brodie15.57_M1","Brodie15.57_M2","Brodie15.58_M1","Brodie15.59_M2","Brodie15.60_M1","Brodie15.60_M2","CRF2352_M1","CRF2352_M2","CRF2353b_M1","CRF2353b_M2","CRF2353b_M3","CRF2385_M2","CRF2386_M1","CRF2387_M1","CRF2387_M2","CRF2387_M3","CRF2387_M4","CRF2387_M5","CRF2390_M1","CRF2390_M2","CRF2390_M4","CRF2390_M5","CRF2391_M2","CRF2399_M3","CRF2399_M4","CRF2399a_M2","CRF2399a_M3","CRF2405_M1","CRF2405_M2","CRF2405_M3","CRF2406_M1","CRF2406_M2","CRF2409_M2","CRF2410_M2","CRF2411_M2","CRF2412_M2","CRF2412_M3","CRF2413_M1","CRF2413_M2","CRF2413_M3","CRF2415_M1","CRF2416_M2","CRF2416_M3","CRF2417_M1","CRF2417_M2","CRF2417_M3","CRF2436_M1","CRF2436_M2","CRF2436_M3","CRF2436A_M1","CRF2436B_M1","CRF2436B_M2","CRF2437_M1","CRF2437_M2","CRF2437_M3","CRF2437_M4","CRF2439_M1","CRF2439_M2","CRF2439_M3","CRF2441A_M1","CRF2441A_M2","CRF2449_M2","CRF2449_M3","CRF2453_M2","CRF2455_M1","CRF2456_M1","CRF2456_M2","CRF2456_M3","CRF2457_M1","CRF2458C_M2","CRF2458D_M1","CRF2458D_M2","CRF2459_M1","CRF2459_M2","CRF2465_M1","CRF2465_M2","CRF2510_M2","CRF2511_M1","CRF2511_M2","CRF2512_M1","CRF2512_M2","CRF2513_M1","CRF2513_M2","CRF2513B_M1","CRF2514_M1","CRF2515_M1","CRF2521_M1","CRF2521_M2","CRF2523D_M1","CRF2523G_M1","CRF2537_M1","CRF2537_M2","CRF2588_M1","CRF2588_M2","CRF2588_M3","CRF2630_M2","CRF2631_M1","CRF2633_M1","CRF2633_M2","CRF2633_M3","CRF2669_M1","CRF2670_M1","CRF2670_M2","CRF2671_M1","CRF2671_M2","CRF2672_M1","CRF2673_M1","CRF2673_M2","CRF2674_M1","CRF2674_M2","CRF2675_M1","CRF2676_M1","CRF2676_M2","CRF2677_M1","CRF2678_M2","CRF2679_M1","CRF2680_M1","CRF2681_M2","CRF2716_M1","CRF2718_M1","CRF2718_M2","CRF2719_M1","CRF2719_M2","CRF2720_M1","CRF2720_M2","CRF2722_M2","CRF2939_M2","CRF2940_M2","CRF2941_M1","CRF2941_M2","CRF3012_M1","CRF3041_M2","CRF3051_M2","CRF3052_M2","CRF3056_M2","CRF3058_M2","CRF3059_M2","CRF3060_M2","CRF3061_M2","CRF3064_M2","CRF3064_M3","CRF3065_M2","CRF3066_M2","CRF3069_M4","CRF3070_M2","CRF3070_M3","CRF3074_M2","CRF3106_M2","CRF3107_M1","CRF3109_M1","CRF3110_M2","CRF3111_M2","CRF3112_M2","CRF3188_M1","CRF3188_M3","CRF3190_M1","CRF3190_M2","CRF3215_M1","CRF3215_M3","CRF3215_M6","CRF3275_M1","CRF3275_M3","CRF3275_M6","CRF3275_M7","CRF3311_M2","CRF3311_M4","CRF3354_M1","CRF3354_M3","CRF3355_M2","CRF3359_M3","CRF3363_M3","CRF3605_M4","CRF3606_M2","CRF3607_M2","CRF3608_M4","CRF3609_M4","CRF3610_M2","CRF3611_M4","CRF3613_M2","CRF3614_M4","CRF3615_M4","CRF3617_M3","CRF3618_M3","CRF3619_M4","CRF3620_M3","CRF3621_M3","EJE125_M2","EJE126_M2","EJE133_M2","EJE182_M2","EJE186_M2","EJE190_M2","EJE191_M4","EJE221_M2","HAM001_M1","HAM001_M2","JSR001_M1","JSR001_M3","JSR002_M3","JSR012_M4","JSR013_M4","JSR018_M3","JSR022_M2","JSR028_M3","JSR037_M3","MTJH1703_M2","MTJH1704_M2","MTJH1705_M2","MTJH1706_M3","MTJH381_M1","MTJH381_M3","MTJH384_M1","MTJH384_M3","MTJH390_M2","MTJH390_M6","MTJH394_M1","MTJH394_M5","MTJH399_M2","MTJH402_M3","MTJH411_M1","MTJH411_M3","MTJH412_M1","MTJH412_M3","MTJH418_M1","MTJH418_M3","MTJH422_M13","MTJH422_M3","MTJH424_M1","MTJH424_M3","MTJH425_M1","MTJH425_M5","MTJH426_M1","MTJH426_M3","MTJH426_M7","MTJH427_M1","MTJH427_M3","MTJH429_M1","MTJH429_M3","MTJH430_M2","MTJH475_M1","MTJH475_M3","MTJH476_M1","MTJH476_M4","MTJH476_M7","MTJH477_M2","MTJH477_M4","MTJH481_M1","MTJH481_M2","MTJH481_M6","REdC1_M2","REdC10_M2","REdC11_M2","REdC2_M2","REdC3_M2","REdC4_M2","REdC5_M2","REdC6_M2","REdC7_M2","REdC8_M2","REdC9_M2","VLT095_M5","VLT096_M5","VLT097_M2","VLT097_M5","Wills06_M3"
"1",0,0.079862644472776,0.199196910645883,0.122086570362913,0.47938210087788,0.0873930190161611,0.124104102427023,0.078544627587057,0.287982950017761,0.0781209752496894,0.227592072697822,0.0766477570297608,0.165122698578659,NA,NA,NA,NA,NA,NA,0.588696718355725,NA,NA,NA,NA,NA,NA,NA,NA,NA,NA,2.77388980261087,1.59530847946706,0.0330813232428096,0.0227051169403598,0.264053803389282,1.94345448996805,3.47867425347441,0.107978910235715,0.230249552355235,0.302899396778651,1.98353877583674,8.90063739267895,NA,NA,0.106872466092565,0.0947396361974699,2.95649985798832,0.345138997118331,0.060503025199583,NA,NA,NA,NA,NA,NA,NA,NA,0.177942246323387,0.193879722237255,NA,NA,NA,NA,NA,NA,NA,0.285797120070953,0.0927550347016061,NA,NA,NA,2.97946646756975,NA,NA,NA,0.689693103837633,0.181587835821633,0.251616938281939,4.78054062273168,NA,NA,NA,NA,0.407976458702305,0.0352886395021736,0.0459847424250819,0.491153124111251,0.21476788125561,0.100994448907039,0.132665631523341,3.28411897398571,2.62363450473387,0.11199700795302,0.235082822938263,0.797091529639352,0.435941618708127,0.188171059453237,1.93929732563201,1.0312770416558,0.17174320026533,0.435871461162111,0.549086257402104,0.623792102339228,0.0920488581052056,0.0461576552458793,3.75240364012329,0.149293863154827,0.0913150934208543,0.059252145795608,0.136820911339107,0.00928922289978125,0.0724153572129605,0.0616124305421971,0.0118610797170025,0.0675471283384814,0.055579960070108,0.576611865619854,0.509570121262665,0.0353964089396005,0.133232384114391,0.150582514305584,14.3377387989129,0.454363665509934,0.0446761589150986,0.0369431527784886,0.143874811629759,NA,0.0453384242728804,0.0792853060891997,0.0980559617525163,0.309017627583113,0.146627677842731,0.101639759284264,5.36885980615939,NA,0.0363688944255091,0.232479210815896,6.26011078088066,0.122874187040229,0.381066413426371,NA,0.216001232642731,0.193914802262265,0.253734231059141,0.425596364670938,0.0419426211928404,0.123367657074365,0.0774107520831191,NA,0.101171433649253,0.27814347769225,0.155654642089098,0.261886426792225,0.264718517112182,0.0484409842968928,0.0342379392096648,0.0252353830756738,1.57294366391133,0.176381651084403,0.374046917819278,0.198211524552859,0.299974451010172,0.686615173505401,0.67021289335564,0.728207356646162,0.16223209497615,0.226898442170477,0.181682337147444,0.303032146444091,0.301855177153518,11.5739004788381,0.350703119109513,0.317453455824861,0.0417516889987183,0.463258972607407,0.604946589075805,0.128065789892777,0.290091041823014,0.329409128796511,0.271688317037884,0.0301973020102023,0.240275793194048,0.0796557547126866,0.177454242273659,0.191542890238948,0.573253998473532,0.181960349659598,0.16933172371015,0.258412965318747,0.349062306265899,0.126266161710225,0.32884849875973,0.267740436706872,11.82411348,0.159194761245797,0.336333920597255,0.0452068953030892,0.505826390900473,0.13538992603876,0.122478724226206,0.225909906002154,0.0776757319321726,0.187732787597156,0.200760263717626,0.403649338982456,0.438175467581465,0.231317356284105,0.101727041376682,0.202401369280675,0.274487521915985,0.209433524218418,0.120926905445009,0.210568093441234,0.0616331544066835,0.0393827592885142,0.154980121183657,0.22806370595565,0.454232251929626,0.589025507609454,0.283253357236913,0.274273353607796,0.0687182162596749,0.48966430160951,0.0815947216645697,0.064628764678067,0.280647048637592,0.117579530309966,0.173414415136496,0.185076720242423,0.230067202817168,0.0684476202043978,0.109204379668866,14.5846742246694,0.554952964918337,0.156068976962893,0.217931924852468,0.247571225947846,0.110378811917688,0.182318425438911,0.102459492388577,0.114394901019575,0.290981306746674,0.324933738907239,0.562771019159829,0.449857444634119,0.0482202051839471,0.555168759324793,2.45104314800107,0.12751348504694,1.2563978058555,0.960501607335456,0.111320087471748,0.294994877158321,0.504012398520274,0.501691731287706,0.265582502389553,0.0607619699807303,NA,0.0304407411588471,0.0918444221835161,0.0598059003903521,0.22377692509256,0.112236033244678,0.1044550514551,0.279456598794663,0.069620125480333,0.118704151084906,0.803446628094928,0.448004131160711,0.568040308354667,0.46411406035724,22.242621600241
"2",1,NA,0.17422900096147,0.101932588374466,0.219328314927559,0.0334379259350412,0.0995956312763051,NA,0.230104505902892,0.0657372620354795,0.195327065223969,NA,0.145155642335373,0.0690884925045085,0.0331585597856324,1.38379236766023,4.82791891273835,NA,0.322183308790085,0.22597613466951,0.0387514581228689,0.186847669079744,2.54503800978049,0.154165761472498,0.286934667109233,0.0903867264861512,NA,0.0361742852163801,0.0294201254826463,4.91124021300535,NA,1.29810637561415,0.0474235678238992,0.0203193757513563,0.1816689593208,1.83613596934936,2.31438354537965,NA,NA,0.241092536245559,NA,NA,0.503803651210446,0.0540808077811597,0.080956139767474,0.0506533724341374,1.38267031662556,0.33514058554728,NA,NA,0.0462658747885772,0.132043675794768,0.11153531776622,0.170814764971089,NA,NA,0.140423833664499,0.174714636173978,NA,0.0999675025250197,0.112631454338312,0.0682661575678506,0.155075865777757,NA,NA,NA,0.218306082064553,0.0663100269029201,6.51876748446327,3.55122107232912,0.134265411557726,3.28865730961218,0.253789420609127,0.70160350081802,0.223026092577228,0.418337807848264,0.0945964535206978,0.194494801696639,2.49037710469905,0.0588225986971471,0.0525582587148915,3.87097996369172,0.171737522345022,0.477240509215954,0.0286748304336669,0.046676357671666,0.326772294721092,0.140569527995756,0.0580746700423375,0.0744240375450155,2.12109538823699,NA,0.0697837832337523,0.164979950961405,0.583362191034533,0.359719697467936,0.104688966186787,1.74294228551907,0.699199892188675,NA,0.408425749194927,0.52868238332889,0.508601470272797,0.0746634763515617,NA,2.3243120876119,0.1295966840434,0.0588924808475698,NA,NA,0.00455191846225459,0.0607454755464936,0.0382686402106336,NA,0.0475776741956172,NA,NA,0.327832451072247,0.0366662437228229,0.0892624497052443,0.17660098405658,12.7462194772663,0.291229412129539,0.050699116511312,0.0354485919145572,0.0706554755428581,0.107371695677154,NA,0.0508071154039032,0.0657371819771339,0.292777709411061,0.140338039730895,0.0907213798118369,2.92640425305989,0.20928109132638,0.0356376315366811,0.256343434092162,6.52087071418168,0.133783177738257,0.375088469853454,0.30348099426908,0.193012075284009,NA,NA,0.280936900716339,NA,0.114140902521346,0.0793926557203118,0.103124421530609,0.0978955175969669,NA,NA,NA,0.285805100899972,0.048680154009045,0.0365832819824417,0.0164067875973441,NA,0.178757571682568,0.40494020075891,NA,0.322786368950101,NA,0.724338316747344,NA,NA,0.253238685465391,NA,0.240550721048159,NA,NA,NA,0.479325351884144,NA,0.390309135015322,0.57642384798812,0.129739541759133,0.277391628935451,0.294319436782417,0.206519253580452,0.0268867593731569,0.197703995952635,0.048205379914721,0.149865920339358,0.179112656698175,0.398791258542142,0.143293070325957,0.172170550472712,0.2416305736574,0.274671342758844,0.103431928475296,0.315801430323992,0.253908884161854,10.9678501493437,0.148714858543228,0.344364285060634,NA,NA,0.138027354225951,0.114614432417937,0.209327408927739,NA,0.192923950929903,NA,0.408418134605963,0.554382044501228,0.241882332910412,0.109418280060797,0.226045654989871,0.245514913489511,0.22763071154974,0.115584397783515,0.206123078308006,0.0687844457198438,0.0688835919809283,0.150193053440856,NA,0.432433238917898,NA,0.283803207991238,NA,0.0870866970941228,NA,0.0756807698691601,0.0565263527375131,0.247038620709624,NA,0.170507296167558,NA,NA,NA,0.106144607355765,NA,0.619379620817515,NA,0.250029795464973,NA,0.119761904066046,NA,NA,NA,NA,0.344060370951944,NA,0.360126233029691,0.0509674286067942,NA,3.0082114951123,NA,NA,0.969913825904324,NA,0.314927443063798,NA,NA,0.256650810819819,0.0786948306422992,0.66752919121686,0.037625358877606,0.101870039377357,0.0541327147262284,0.190943947997832,0.111600984144504,0.0999687958704643,0.272620361465221,0.0713615601424649,0.125025429428403,0.773994557695753,0.471062224550109,0.671918765815009,NA,22.8704543644433
"3",3,NA,0.173003034666342,0.108911315745985,0.27306495811118,0.0261583032541316,0.0897120971903909,NA,0.218597268872027,0.0638505257615676,0.184548526508212,NA,0.114586359195964,NA,NA,NA,NA,NA,NA,NA,NA,NA,NA,NA,NA,NA,NA,NA,NA,NA,NA,0.861002806939901,NA,0.0198357995371338,NA,NA,NA,NA,NA,NA,NA,NA,NA,NA,NA,NA,NA,NA,NA,NA,NA,NA,NA,NA,NA,NA,NA,NA,NA,NA,NA,NA,NA,NA,NA,NA,NA,NA,NA,NA,NA,NA,NA,NA,NA,NA,0.202555929264595,NA,5.332553493152,NA,NA,NA,NA,0.500985494117659,NA,NA,NA,NA,NA,NA,NA,NA,NA,NA,NA,NA,NA,NA,NA,NA,0.619478581692604,0.527584666986107,0.472100170317038,0.0495225499762404,NA,1.74642336353736,0.135164002487649,0.0471352830585162,NA,NA,NA,0.0532238468995726,0.0385494606477772,NA,0.0390959838981986,NA,NA,0.299026057939249,NA,0.0621594678908214,0.177747372021127,12.3879382094331,0.205966498926941,0.0382599640888957,0.0333748262789094,0.0845821249189031,0.0655262074232276,NA,0.0397669344547474,0.0609983377194463,0.249038872410777,0.153486586037536,0.0836085201611424,2.91806551685111,0.225312981408638,0.0197341441524731,0.284152707487776,6.86289130507881,0.133695972462795,0.382147433847377,0.290983041483596,0.183955584569487,NA,NA,0.297189219203322,NA,0.11352878195697,0.0892564922346641,0.0979908541053049,0.098801471381137,NA,NA,NA,0.281355201212615,NA,NA,NA,NA,0.182792604228789,NA,NA,0.315431967262384,NA,0.748918066401294,NA,NA,0.289235826693746,NA,0.22425355728411,NA,NA,NA,0.58048040961356,NA,0.362440544789156,0.54407692986806,0.123182693093482,0.277462095806748,0.226295422733259,0.198472794079285,0.0229072423765883,0.186854709520989,0.0384828050782675,0.129497367622246,0.175360221701076,0.422128176968947,0.123943044259538,0.142209259520221,0.216739827387241,0.235456573272521,0.0937067037989323,0.274645514468583,0.234155651401195,9.80520238848366,0.154629753819422,0.339852305148105,NA,NA,0.162218365095742,0.115656757128612,0.203219494643416,NA,0.193493862430229,NA,0.394297470646813,0.497658872940051,0.244535093526266,0.108295769876868,0.2397016489034,0.23031740351407,0.236043835748095,0.115396743626567,0.195552743954364,0.0681095196677855,0.0680096807519096,0.155202160293015,NA,0.426348743599823,NA,0.261836840663734,NA,0.0738604443406249,NA,0.0774906083778355,0.0512295369231549,0.243707009101846,NA,NA,NA,NA,NA,NA,NA,NA,NA,NA,NA,0.131080721389286,NA,NA,NA,NA,NA,NA,NA,0.0531683838409352,NA,NA,NA,NA,1.01469302098249,NA,NA,NA,NA,0.263234097747148,0.0855271092430433,0.721737045871186,0.0365251514400331,0.0947612439821525,0.0574189088823579,0.149260367484423,0.113945800534752,0.0970226241448952,0.27574722075322,0.0687250424996725,0.123512191845501,0.740592366629062,0.5264465423371,0.772972810357569,NA,22.7987478596323
"4",10,NA,0.174140562272026,0.09633566532266,0.198804352779361,0.0243888783963692,0.0872442532797671,NA,0.194978928864876,0.0633829103465566,0.177540961820649,NA,0.0915974770398117,0.0412304938014393,0.0326949803323797,1.41328056367834,NA,NA,0.159502547139699,0.222869780612301,0.0272580739548415,0.0843384523275029,2.27326254685916,0.0785326136904809,0.28510593580444,0.0301996122857245,NA,0.0187843038619699,0.0159730844798243,3.2738684837559,NA,0.403652541457332,0.0430162642593807,0.0204678919530095,0.174150584165671,1.66228438544417,NA,0.101310208933706,0.183217153705789,0.211961627227305,1.58886188241353,7.37045521907576,0.37816210893392,0.0374150022440198,NA,NA,0.84982816660529,0.333231035858376,NA,0.42772946127027,0.0360228029550792,0.112015594377568,0.0902901884169146,0.166567007931366,NA,NA,0.0852205463979282,0.165481955327469,0.207872354308949,0.0905186908501772,0.105877175367285,0.0533411186156057,0.110889055798409,0.0502862753361808,0.0139373156985033,0.0156203126502369,0.117028681913819,0.0247541825407824,6.26410889297311,2.92015417126959,0.12079086987893,2.65133906405298,0.194068419503324,0.631324974663434,0.185201318833431,0.352153033901061,0.22199092535183,0.224609484529942,5.84420554229543,0.059028286482503,0.0484008105383436,4.1021108611925,0.121523040589036,0.529370864132772,0.0346189599883334,0.0403448537521216,0.164394112651144,0.109254773478382,0.0639840343748624,0.05714588928481,1.52637037693868,NA,0.0546537949095477,0.151593918255905,0.432865955260716,0.337525187586786,0.106974643142902,0.660239866770902,0.615064393654777,NA,0.629361785519329,0.567890774342889,0.438214766315709,0.0400560554915518,NA,1.89904275646237,0.143833374427641,0.0471116833445841,NA,0.146594596563333,NA,0.0493937567469918,0.0376714821570959,NA,0.0303051925639475,NA,0.578680692965722,0.24593665157465,NA,0.0433378492523191,0.192010620397502,10.6514799539933,0.2073149842913,0.0372880260960363,0.0341744622084208,0.0862150022801061,0.0608153391418633,NA,0.0442615326079551,0.0608183177206918,0.267590535090728,0.16491481623572,0.116438316717984,2.82910007333011,0.243251310289845,NA,0.26204069715687,6.69746821127691,0.15157330912815,0.378749023827903,0.25944742178734,0.16512068717542,0.166967971048886,0.183014956388991,0.286628569501235,0.0320316099301959,NA,0.0859598084052439,0.0937647418951344,0.09822712054102,0.266591661610358,0.139262201584621,NA,0.25452848876551,0.0470277947165238,NA,NA,1.49363462518542,0.187505773461972,0.631070560800936,NA,0.299159659318329,NA,0.742753741629099,NA,0.17343819069658,0.266034917118993,NA,0.215329222926711,0.217391411108491,NA,NA,0.561253736725815,NA,0.343121520530565,0.450022869943795,0.120206391906546,0.279589572971114,0.197631015248838,0.189762492260384,0.0222836830653302,0.1817445530655,0.0490045552935056,0.112791447971691,0.167567627339261,0.389242235355439,0.10932177196029,0.178834688820567,0.212702471371492,0.17896843299597,0.0807997452063959,0.241492006437337,0.237599633710033,9.4510291542411,0.156440699791343,0.326904012824766,0.0439532007308133,0.470762009443588,0.155459909592272,0.0963517429342323,0.209038453821206,NA,0.174576059317465,NA,0.343106426065497,0.556289909759552,0.23832894797637,0.104211474155391,0.248658943472953,0.219142079132685,0.247431021588983,0.112538509773504,0.19452912574242,0.0678750842030917,0.0680834553350422,0.15905173457034,NA,0.434165024314824,NA,0.260605189213575,NA,0.0556696402855221,NA,0.066521790007922,0.0488455937941256,0.246589027731056,NA,0.150238426687806,NA,0.214149528829845,NA,0.108125059306204,NA,0.596579965773206,NA,0.285825841904509,NA,0.109682679896967,NA,0.121016261703005,NA,NA,0.370833672061118,NA,0.326208121913698,0.0516653843762517,NA,2.99625541445076,NA,0.92086285061535,1.03779437667176,NA,0.339614390875032,NA,NA,0.257559912350037,0.0787854008552399,0.661657986179791,0.0354083827451631,0.0892776892682049,0.0539356562676369,0.140284560250794,0.119678530365874,0.0962432263076803,0.27893816272878,0.0675071105031717,0.105505946628698,0.777784503931469,0.542397942470651,0.802825197034667,NA,22.24153538554
"5",12,NA,NA,NA,NA,NA,NA,NA,NA,NA,NA,NA,NA,NA,NA,NA,NA,NA,NA,NA,NA,NA,NA,NA,NA,NA,NA,NA,NA,NA,NA,NA,NA,NA,NA,NA,NA,NA,NA,NA,NA,NA,NA,NA,NA,NA,NA,NA,NA,NA,NA,NA,NA,NA,NA,NA,NA,NA,NA,NA,NA,NA,NA,NA,NA,NA,NA,NA,NA,NA,NA,NA,NA,NA,NA,NA,NA,NA,NA,NA,NA,NA,NA,NA,NA,NA,NA,NA,NA,NA,NA,NA,NA,NA,NA,NA,NA,NA,NA,NA,NA,NA,NA,NA,NA,NA,NA,NA,NA,NA,NA,NA,NA,NA,NA,NA,NA,NA,NA,NA,NA,NA,NA,NA,NA,NA,NA,NA,NA,NA,NA,NA,NA,NA,NA,NA,NA,NA,NA,NA,NA,NA,NA,NA,NA,NA,NA,NA,NA,NA,NA,NA,NA,NA,NA,NA,NA,NA,NA,NA,NA,NA,NA,NA,NA,NA,NA,NA,NA,NA,NA,NA,NA,NA,NA,NA,NA,NA,NA,NA,NA,NA,NA,NA,NA,NA,NA,NA,NA,NA,NA,NA,NA,NA,NA,NA,NA,NA,NA,NA,NA,NA,NA,NA,NA,0.572071825251961,NA,NA,NA,NA,NA,NA,NA,NA,NA,NA,NA,NA,NA,NA,NA,NA,NA,NA,NA,NA,NA,NA,NA,NA,NA,NA,NA,NA,NA,NA,NA,NA,NA,NA,NA,NA,NA,NA,NA,NA,NA,NA,NA,NA,NA,NA,NA,NA,NA,NA,NA,NA,NA,NA,NA,NA,NA,NA,NA,NA,NA,NA,NA,NA,NA,NA
"6",16,NA,NA,NA,NA,NA,NA,NA,NA,NA,NA,NA,NA,NA,NA,NA,NA,NA,NA,NA,NA,NA,NA,NA,NA,NA,NA,NA,NA,NA,NA,NA,NA,NA,NA,NA,NA,NA,NA,NA,NA,NA,NA,NA,NA,NA,NA,NA,NA,NA,NA,NA,NA,NA,NA,NA,NA,NA,NA,NA,NA,NA,NA,NA,NA,NA,NA,NA,NA,NA,NA,NA,NA,NA,NA,NA,NA,NA,NA,NA,NA,NA,NA,NA,NA,NA,NA,NA,NA,NA,NA,NA,NA,NA,NA,NA,NA,NA,NA,NA,NA,NA,NA,NA,NA,NA,NA,NA,NA,NA,NA,NA,NA,NA,NA,NA,NA,NA,NA,NA,NA,NA,NA,NA,NA,NA,NA,NA,NA,NA,NA,NA,NA,NA,NA,NA,NA,NA,NA,NA,NA,NA,NA,NA,NA,NA,NA,NA,NA,NA,NA,NA,NA,NA,NA,NA,NA,NA,NA,NA,NA,NA,NA,NA,NA,NA,NA,NA,NA,NA,NA,NA,NA,NA,NA,NA,NA,NA,NA,NA,NA,NA,NA,NA,NA,NA,NA,NA,NA,NA,NA,NA,NA,NA,NA,NA,NA,NA,NA,NA,NA,NA,NA,NA,NA,0.606592052645711,NA,NA,NA,NA,NA,NA,NA,NA,NA,NA,NA,NA,NA,NA,NA,NA,NA,NA,NA,NA,NA,NA,NA,NA,NA,NA,NA,NA,NA,NA,NA,NA,NA,NA,NA,NA,NA,NA,NA,NA,NA,NA,NA,NA,NA,NA,NA,NA,NA,NA,NA,NA,NA,NA,NA,NA,NA,NA,NA,NA,NA,NA,NA,NA,NA,NA
"7",19,NA,NA,NA,NA,NA,NA,NA,NA,NA,NA,NA,NA,NA,NA,NA,NA,NA,NA,NA,NA,NA,NA,NA,NA,NA,NA,NA,NA,NA,NA,NA,NA,NA,NA,NA,NA,NA,NA,NA,NA,NA,NA,NA,NA,NA,NA,NA,NA,NA,NA,NA,NA,NA,NA,NA,NA,NA,NA,NA,NA,NA,NA,NA,NA,NA,NA,NA,NA,NA,NA,NA,NA,NA,NA,NA,NA,NA,NA,NA,NA,NA,NA,NA,NA,NA,NA,NA,NA,NA,NA,NA,NA,NA,NA,NA,NA,NA,NA,NA,NA,NA,NA,NA,NA,NA,NA,NA,NA,NA,NA,NA,NA,NA,NA,NA,NA,NA,NA,NA,NA,NA,NA,NA,NA,NA,NA,NA,NA,NA,NA,NA,NA,NA,NA,NA,NA,NA,NA,NA,NA,NA,NA,NA,NA,NA,NA,NA,NA,NA,NA,NA,NA,NA,NA,NA,NA,NA,NA,NA,NA,NA,NA,NA,NA,NA,NA,NA,NA,NA,NA,NA,NA,NA,NA,NA,NA,NA,NA,NA,NA,NA,NA,NA,NA,NA,NA,NA,NA,NA,NA,NA,NA,NA,NA,NA,NA,NA,NA,NA,NA,NA,NA,NA,NA,0.628309527522771,NA,NA,NA,NA,NA,NA,NA,NA,NA,NA,NA,NA,NA,NA,NA,NA,NA,NA,NA,NA,NA,NA,NA,NA,NA,NA,NA,NA,NA,NA,NA,NA,NA,NA,NA,NA,NA,NA,NA,NA,NA,NA,NA,NA,NA,NA,NA,NA,NA,NA,NA,NA,NA,NA,NA,NA,NA,NA,NA,NA,NA,NA,NA,NA,NA,NA
"8",20,NA,NA,NA,NA,NA,NA,NA,NA,NA,NA,NA,NA,0.0342023052618112,0.0313418856233401,1.38567772505004,NA,NA,0.126193248283881,NA,0.0274145529908493,0.0646950181528288,2.04185670084587,0.0826392720594464,0.283516024501963,0.0153920609201956,0.0149790184969477,0.0167684204945951,0.0113210235382299,1.11410966325052,NA,NA,NA,NA,NA,NA,NA,NA,NA,NA,NA,NA,0.363257957979563,0.0270820333434182,NA,NA,NA,0.323841230417301,NA,NA,0.0312545300793592,0.113096653729664,0.0898295085687569,0.156216551008807,NA,NA,0.0846726094324012,0.168894486238863,NA,0.0702308841406799,0.0817713513841458,0.0478294049359834,0.102177627708319,NA,NA,NA,0.0334341025106034,0.0164718509522636,6.19096958464312,2.60442512293851,0.109645689435913,NA,0.177410693943546,0.589935826310549,0.143423637868337,NA,NA,0.248098529538942,NA,0.0562259004170035,0.0374339774390291,4.39816867367116,0.111010773592874,NA,0.0345368243062239,0.0316083755283679,NA,NA,NA,NA,NA,NA,NA,NA,NA,0.321679558403197,0.102038913854454,NA,NA,NA,NA,NA,NA,NA,NA,NA,NA,NA,NA,NA,NA,NA,NA,NA,NA,NA,NA,NA,NA,NA,NA,NA,NA,NA,NA,NA,NA,NA,NA,NA,NA,NA,NA,NA,NA,NA,NA,NA,NA,NA,NA,NA,NA,NA,NA,NA,NA,NA,NA,NA,NA,NA,NA,NA,NA,NA,NA,NA,NA,NA,NA,NA,NA,NA,NA,NA,NA,NA,NA,NA,NA,NA,NA,NA,NA,NA,NA,NA,NA,NA,NA,NA,NA,NA,NA,NA,NA,NA,NA,NA,NA,NA,NA,NA,NA,NA,NA,NA,NA,NA,NA,NA,NA,NA,NA,NA,NA,NA,NA,NA,NA,NA,NA,NA,NA,NA,NA,NA,NA,NA,NA,NA,NA,NA,NA,NA,NA,NA,NA,NA,NA,NA,NA,NA,NA,NA,NA,NA,NA,NA,NA,NA,NA,NA,NA,NA,NA,NA,NA,NA,NA,NA,NA,NA,NA,NA,NA,NA,NA,NA,NA,NA,NA,NA,NA,NA,NA,NA,NA,NA,NA,NA
"9",30,NA,0.171453724434181,0.0998157398437103,0.177205328716111,0.0239239463206339,0.09110874257777,NA,0.180814404317587,0.0649568233722873,0.17679036910808,NA,0.0779375769237301,NA,0.0311476240002819,0.504301907717867,NA,NA,0.0481200519299814,0.207305777302709,0.0198926996198973,0.0181866479570367,1.89498467197583,0.0558102614723996,0.261812385707753,0.0157444666751269,0.0135015988475791,0.0119686551526079,NA,0.647390728370311,NA,NA,0.0425011391509184,0.0187630088776793,0.149506298748785,1.46690693344295,NA,NA,NA,0.168880704411801,NA,NA,0.219265273382336,0.0179070894478231,NA,NA,NA,NA,NA,NA,0.0312021308049357,0.0977738998852246,0.0838758494966998,0.131213112865769,NA,NA,0.0655369282514182,0.178527077959893,NA,0.042426579393071,0.0738052418241524,0.0444716695139777,0.100669263439682,NA,NA,NA,0.0221093661913627,0.016040252203648,6.17748679542325,1.78835152396751,0.0838591993919661,2.11712357939737,0.173495018936214,0.536705683694419,0.119699719614942,0.301934817208622,0.18229572047778,0.231182712329197,4.79917662519081,0.0540604083318583,0.035563256322564,4.51748601164332,0.108533936772065,0.567463765214481,0.0343275381336467,0.0229210720552319,0.117867021744327,0.107565811454455,0.0541740969654632,0.0499803303974703,1.42246983627331,NA,0.0570829497120321,0.140604589166697,0.366138957149107,0.31153795174327,0.110706688931966,0.415427453499021,0.403986279299862,NA,0.637854243523098,0.577022885462629,0.384055436715364,0.0326745062659906,NA,1.72806654268873,0.118651526616912,0.0445278617871419,NA,0.133324333831892,NA,0.0488347262959421,0.0357294968927128,NA,0.0297030863751803,NA,0.568070619209328,0.172753442260919,NA,0.0394387362622176,0.200548048970613,10.1030435884908,0.175794163939158,0.0273093608391176,0.036183341529412,0.0796546689801008,0.0637781644033433,NA,NA,0.0466620864719193,0.280109359655953,0.178197348554028,0.10723844822966,2.62650125068312,0.242439299698276,NA,0.244170638028597,6.29850317753642,0.0876157853134774,0.372111901599109,0.230032851515474,0.143421277121656,0.149902036282334,0.151701216778933,0.278942002490546,0.0310541625569044,NA,0.0812584267251554,0.0892025230632933,0.0973368539127719,0.256964322576928,0.139986852183453,NA,0.220899149895523,0.0464486192215873,0.0344572150340685,NA,NA,0.180089496272385,NA,NA,0.223427976474532,NA,0.275088146367411,NA,0.187861954389611,0.113506602847921,NA,NA,NA,NA,NA,0.0634414889414337,NA,0.270510532604894,0.34053984438622,0.108231527215028,0.246015814899414,0.15229879364375,0.183856715803783,0.0179613939470518,0.167379420109648,0.0455405277125875,0.106994411943181,0.173296851213027,0.342592983445418,0.0961152705879491,0.185302885837092,0.200208592702611,0.143364644996968,0.0773387290463516,0.215832858876472,0.218139096882719,8.11316583534787,0.168446615301611,0.338743658656208,0.043225534657695,0.429610709657698,0.0215237189308367,0.0636373021071572,0.220290222899557,NA,0.068002903029251,NA,0.355175926924757,NA,0.230780167014974,0.0980253819442105,0.25456921091346,0.221590056979367,0.0345836368534275,0.105481115145679,0.157343701808642,0.0684711968688978,0.0402549353040536,0.156035515125639,NA,0.457469308730614,NA,0.241722770315204,NA,0.0623849691808523,NA,0.0649692520924447,0.0276497880777392,0.222967311232452,NA,0.14527701206951,NA,0.225899339350915,NA,NA,NA,0.580856583887464,NA,NA,NA,0.112187491183892,NA,0.127111392091469,0.113534028658556,NA,0.375780211259832,NA,0.243995114197793,0.0429731307729926,NA,NA,NA,0.587414028225983,1.08483031634763,NA,0.334876239901785,NA,NA,0.265757184118409,0.0664001068920799,0.296974237846768,0.0324391559207931,0.0818205812464275,0.0501584616852827,0.0542301295540911,0.0973293429142999,0.0734551046884301,0.276674682953062,0.066107792046767,0.10840380008316,0.101886958539145,0.491890205244528,0.576637245184925,NA,22.9278816155131
"10",35,NA,NA,NA,NA,NA,NA,NA,NA,NA,NA,NA,NA,NA,NA,NA,NA,NA,NA,NA,NA,NA,NA,NA,NA,NA,NA,NA,NA,NA,NA,NA,NA,NA,NA,NA,NA,NA,NA,NA,NA,NA,NA,NA,NA,NA,NA,0.290646308261306,NA,NA,NA,NA,NA,NA,NA,NA,NA,NA,NA,NA,NA,NA,NA,NA,NA,NA,NA,NA,NA,NA,NA,NA,NA,NA,NA,NA,NA,NA,NA,NA,NA,NA,NA,NA,NA,NA,NA,NA,NA,NA,NA,NA,NA,NA,NA,NA,NA,NA,NA,NA,NA,NA,NA,NA,NA,NA,NA,NA,NA,NA,NA,NA,NA,NA,NA,NA,NA,NA,NA,NA,NA,NA,NA,NA,NA,NA,NA,NA,NA,NA,NA,NA,NA,NA,NA,NA,NA,NA,NA,NA,NA,NA,NA,NA,NA,NA,NA,NA,NA,NA,NA,NA,NA,NA,NA,NA,NA,NA,NA,NA,NA,NA,NA,NA,NA,NA,NA,NA,NA,NA,NA,NA,NA,NA,NA,NA,NA,NA,NA,NA,NA,NA,NA,NA,NA,NA,NA,NA,NA,NA,NA,NA,NA,NA,NA,NA,NA,NA,NA,NA,NA,NA,NA,NA,NA,NA,NA,NA,NA,NA,NA,NA,NA,NA,NA,NA,NA,NA,NA,NA,NA,NA,NA,NA,NA,NA,NA,NA,NA,NA,NA,NA,NA,NA,NA,NA,NA,NA,NA,NA,NA,NA,NA,NA,NA,NA,NA,NA,NA,NA,NA,NA,NA,NA,NA,NA,NA,NA,NA,NA,NA,NA,NA,NA,NA,NA,NA,NA,NA,NA,NA,NA
"11",39,NA,NA,NA,NA,NA,NA,NA,NA,NA,NA,NA,NA,NA,NA,NA,NA,NA,NA,NA,NA,NA,NA,NA,NA,NA,NA,NA,NA,NA,NA,NA,NA,NA,NA,NA,NA,NA,NA,NA,NA,NA,NA,NA,NA,NA,NA,NA,NA,NA,NA,NA,NA,NA,NA,NA,NA,NA,NA,NA,NA,NA,NA,NA,NA,NA,NA,NA,NA,NA,NA,NA,NA,NA,NA,NA,NA,NA,NA,NA,NA,NA,NA,NA,NA,NA,NA,NA,NA,NA,NA,NA,NA,NA,NA,NA,NA,NA,NA,NA,NA,NA,NA,NA,NA,NA,NA,NA,NA,NA,NA,NA,NA,NA,NA,NA,NA,NA,NA,NA,NA,NA,NA,NA,NA,NA,NA,NA,NA,NA,NA,NA,NA,NA,NA,NA,NA,NA,NA,NA,NA,NA,NA,NA,NA,NA,NA,NA,NA,NA,NA,NA,NA,NA,NA,NA,NA,NA,NA,NA,NA,NA,NA,NA,NA,NA,NA,NA,NA,NA,NA,NA,NA,NA,NA,NA,NA,NA,NA,NA,NA,NA,NA,NA,NA,NA,NA,NA,NA,NA,NA,NA,NA,NA,NA,NA,NA,NA,NA,NA,NA,NA,NA,NA,NA,0.245948428806129,NA,NA,NA,NA,NA,NA,NA,NA,NA,NA,NA,NA,NA,NA,NA,NA,NA,NA,NA,NA,NA,NA,NA,NA,NA,NA,NA,NA,NA,NA,NA,NA,NA,NA,NA,NA,NA,NA,NA,NA,NA,NA,NA,NA,NA,NA,NA,NA,NA,NA,NA,NA,NA,NA,NA,NA,NA,NA,NA,NA,NA,NA,NA,NA,NA,NA
"12",40,NA,NA,NA,NA,NA,NA,NA,NA,NA,NA,NA,NA,0.0257211878175204,NA,NA,NA,NA,NA,NA,NA,NA,NA,NA,NA,NA,NA,NA,NA,NA,NA,NA,NA,NA,NA,NA,NA,NA,NA,NA,NA,NA,NA,NA,NA,NA,NA,NA,NA,NA,NA,NA,NA,NA,NA,NA,NA,NA,NA,NA,NA,NA,NA,NA,NA,NA,NA,NA,NA,NA,NA,NA,NA,NA,NA,NA,NA,NA,NA,NA,NA,NA,NA,NA,NA,NA,NA,NA,NA,NA,NA,NA,NA,NA,NA,NA,NA,NA,NA,NA,NA,NA,NA,NA,NA,NA,NA,NA,NA,NA,NA,NA,NA,NA,NA,NA,NA,NA,NA,NA,NA,NA,NA,NA,NA,NA,NA,NA,NA,NA,NA,NA,NA,NA,NA,NA,NA,NA,NA,NA,NA,NA,NA,NA,NA,NA,NA,NA,NA,NA,NA,NA,NA,NA,NA,NA,NA,NA,NA,NA,NA,NA,NA,NA,NA,NA,NA,NA,NA,NA,NA,NA,NA,NA,NA,NA,NA,NA,NA,NA,NA,NA,NA,NA,NA,NA,NA,NA,NA,NA,NA,NA,NA,NA,NA,NA,NA,NA,NA,NA,NA,NA,NA,NA,NA,NA,NA,NA,NA,NA,NA,NA,NA,NA,NA,NA,NA,NA,NA,NA,NA,NA,NA,NA,NA,NA,NA,NA,NA,NA,NA,NA,NA,NA,NA,NA,NA,NA,NA,NA,NA,NA,NA,NA,NA,NA,NA,NA,NA,NA,NA,NA,NA,NA,NA,NA,NA,NA,NA,NA,NA,NA,NA,NA,NA,NA,NA,NA,NA,NA,NA,NA
"13",50,NA,NA,NA,NA,NA,NA,NA,NA,NA,NA,NA,NA,0.0202186641370602,0.0196896929144167,0.339941862681388,NA,NA,0.022848163780352,NA,0.035767620481695,0.0135375075431718,1.76546855623323,0.0274771123297236,0.20182636750434,0.0154079196306713,0.0144695744065472,0.0101269840300003,NA,0.593101807490183,NA,NA,0.040120947124752,0.016727045296517,NA,NA,NA,0.0975861968735325,0.186982557338912,NA,1.67019690138317,7.09723800877272,0.165983325333888,0.0135581802459372,NA,NA,NA,0.23210671909059,NA,0.373718055515585,0.0273343667963876,0.0453737984726312,0.0807133430098241,0.122455525721517,0.111310483327893,0.144711119265907,0.0441133759774904,0.180316312465762,0.186280025787161,0.0340516294256021,0.0493224860202696,0.0408796849269201,0.0881264827636673,0.0542923006846598,0.0126016105007737,0.0122658008288787,0.0148209421887058,NA,6.22348943071623,1.19988549222781,0.05268507425967,NA,0.106358724081475,0.352102169841931,0.0743901008658057,NA,0.168404227735644,0.231298256757181,4.43346465410152,0.0552049864620555,0.0264438365212817,4.11412191299591,0.0317167415278075,0.364388812360358,0.0304285941063786,0.0192287466251874,NA,NA,NA,NA,NA,NA,NA,NA,NA,0.332383668436648,0.12512542987872,NA,NA,NA,NA,NA,NA,NA,NA,1.57517280950593,0.0799134757234501,NA,NA,NA,NA,NA,NA,NA,NA,NA,NA,NA,NA,NA,NA,NA,NA,NA,NA,NA,NA,NA,NA,NA,NA,NA,NA,2.4575978474409,NA,NA,NA,NA,NA,NA,NA,NA,NA,NA,NA,NA,NA,NA,NA,NA,NA,NA,NA,NA,NA,NA,NA,NA,NA,NA,NA,NA,NA,NA,NA,NA,NA,NA,0.205322013053163,NA,NA,NA,NA,NA,NA,NA,NA,NA,NA,NA,NA,NA,NA,NA,NA,NA,NA,NA,NA,NA,NA,NA,NA,8.07797534671924,NA,NA,NA,NA,NA,NA,NA,NA,NA,NA,NA,NA,NA,NA,0.272248203863699,0.192977791201776,NA,NA,NA,NA,NA,NA,NA,NA,NA,NA,NA,NA,NA,NA,NA,NA,NA,NA,NA,NA,NA,0.104120203856214,NA,NA,NA,0.288260766695439,NA,NA,NA,NA,NA,NA,NA,NA,NA,NA,NA,NA,NA,NA,NA,NA,NA,NA,NA,NA,NA,NA,NA,NA,NA,NA,NA,NA,NA,NA,NA,0.0372575074888922,NA,NA,NA,NA
"14",60,NA,NA,NA,NA,NA,NA,NA,NA,NA,NA,NA,NA,NA,NA,NA,NA,NA,NA,NA,NA,NA,NA,NA,NA,NA,NA,NA,NA,NA,NA,NA,NA,NA,NA,NA,NA,NA,NA,NA,NA,NA,NA,NA,NA,NA,NA,NA,NA,NA,NA,NA,NA,NA,NA,NA,NA,NA,NA,NA,NA,NA,NA,NA,NA,NA,NA,NA,NA,NA,NA,NA,NA,NA,NA,NA,NA,NA,NA,NA,NA,NA,0.0261228690064166,NA,NA,NA,NA,NA,NA,NA,NA,NA,NA,NA,NA,NA,NA,NA,NA,NA,NA,NA,NA,NA,NA,NA,0.0799134757234501,NA,NA,NA,NA,NA,NA,NA,NA,NA,NA,NA,NA,NA,NA,NA,NA,NA,NA,NA,NA,NA,NA,NA,NA,NA,NA,NA,NA,NA,NA,NA,NA,NA,NA,NA,NA,NA,NA,NA,NA,NA,NA,NA,NA,NA,NA,NA,NA,NA,NA,NA,NA,NA,NA,NA,NA,NA,NA,NA,NA,NA,NA,NA,NA,NA,NA,NA,NA,NA,NA,NA,NA,NA,NA,NA,NA,NA,NA,NA,NA,NA,NA,NA,NA,NA,NA,NA,NA,NA,NA,NA,NA,NA,NA,NA,NA,NA,NA,NA,NA,NA,NA,NA,NA,NA,NA,NA,NA,NA,NA,NA,NA,NA,NA,NA,NA,NA,NA,NA,NA,NA,NA,NA,NA,NA,NA,NA,NA,NA,NA,NA,NA,NA,NA,NA,NA,NA,NA,NA,NA,NA,NA,NA,NA,NA,NA,NA,NA,NA,NA,NA,NA,NA,NA,NA,NA,NA,NA,NA,NA,NA,NA,NA,NA,NA
"15",69,NA,NA,NA,NA,NA,NA,NA,NA,NA,NA,NA,NA,NA,NA,NA,NA,NA,NA,NA,NA,NA,NA,NA,NA,NA,NA,NA,NA,NA,NA,NA,NA,NA,NA,NA,NA,NA,NA,NA,NA,NA,NA,NA,NA,NA,NA,NA,NA,NA,NA,NA,NA,NA,NA,NA,NA,NA,NA,NA,NA,NA,NA,NA,NA,NA,NA,NA,NA,NA,NA,NA,NA,NA,NA,NA,NA,NA,NA,NA,NA,NA,NA,NA,NA,NA,NA,NA,NA,NA,NA,NA,NA,NA,NA,NA,NA,NA,NA,NA,NA,NA,NA,NA,NA,NA,NA,NA,NA,NA,NA,NA,NA,NA,NA,NA,NA,NA,NA,NA,NA,NA,NA,NA,NA,NA,NA,NA,NA,NA,NA,NA,NA,NA,NA,NA,NA,NA,NA,NA,NA,NA,NA,NA,NA,NA,NA,NA,NA,NA,NA,NA,NA,NA,NA,NA,NA,NA,NA,NA,NA,NA,NA,NA,NA,NA,NA,NA,NA,NA,NA,NA,NA,NA,NA,NA,NA,NA,NA,NA,NA,NA,NA,NA,NA,NA,NA,NA,NA,NA,NA,NA,NA,NA,NA,NA,NA,NA,NA,NA,NA,NA,NA,NA,NA,0.062484624425636,NA,NA,NA,NA,NA,NA,NA,NA,NA,NA,NA,NA,NA,NA,NA,NA,NA,NA,NA,NA,NA,NA,NA,NA,NA,NA,NA,NA,NA,NA,NA,NA,NA,NA,NA,NA,NA,NA,NA,NA,NA,NA,NA,NA,NA,NA,NA,NA,NA,NA,NA,NA,NA,NA,NA,NA,NA,NA,NA,NA,NA,NA,NA,NA,NA,NA
"16",70,NA,0.179632365549844,0.0763645429918941,0.170542969758097,0.0272036283531039,0.0948832282478267,NA,0.163505319607503,0.0661589446911933,0.171246367521959,NA,0.0607093995128453,NA,NA,NA,NA,NA,NA,NA,NA,NA,NA,NA,NA,NA,NA,NA,NA,NA,NA,NA,0.0296933233951502,0.0168642887959852,NA,NA,NA,NA,NA,NA,NA,NA,NA,NA,NA,NA,NA,NA,NA,NA,NA,NA,NA,NA,NA,NA,NA,NA,NA,NA,NA,NA,NA,NA,NA,NA,NA,NA,NA,NA,NA,NA,NA,NA,NA,NA,0.130360175962899,NA,3.4319045323566,NA,NA,NA,NA,0.0503474301845422,NA,NA,NA,NA,NA,NA,NA,NA,NA,NA,NA,NA,NA,NA,NA,NA,0.65909462249218,0.5808614854914,0.385082202305097,0.0276006314419149,NA,1.5551463305407,0.0676984166614911,0.0476449720809135,NA,NA,NA,0.0481649421390884,0.0282750309504137,NA,0.0240270275663141,NA,0.460182069990694,0.0604198344243439,NA,0.0303454865288336,0.201163131087346,8.2976579395053,0.157701836417161,0.0165495799749721,0.0369302451255616,0.0811778371096468,0.0738801331723608,NA,NA,0.0316563299885044,0.27634644486454,0.173735356707368,0.0230694183997541,2.71539078986883,NA,NA,NA,5.82036639997899,NA,0.345084308099601,0.167539420243908,0.0916139794003049,NA,NA,0.273274640165001,NA,NA,0.0758297503137322,0.0827680507734212,0.100218163874972,NA,NA,NA,0.198784700386759,NA,NA,NA,NA,0.177814403451518,NA,NA,0.0945788807743316,NA,0.0081317299351366,NA,NA,0.00330622728940027,NA,NA,NA,NA,NA,0.00558484990349127,NA,0.0943738902147304,0.162690017532833,0.0574129008995259,NA,0.0905355410949681,0.127650275048364,0.0138534237340643,0.140882401119773,0.0291473429732445,0.103678538674654,0.166669578808631,0.31927546564332,0.0893830461908023,0.173924617113266,0.212745376698625,0.101735764555005,0.0701578251741165,0.208189377029979,0.214583075723554,8.21418260638061,NA,0.219534857231513,NA,NA,NA,NA,0.135736287324055,NA,0.00597780626407489,NA,0.210037707612359,NA,NA,0.0945573266608939,0.285459147983409,0.195417548992085,0.0143657805354651,0.0982893791587501,0.0685763016115044,NA,0.0221737319517716,0.136545458579932,NA,0.246314881077065,NA,0.0526476383306372,NA,0.0318567403409386,NA,0.0277996502273949,0.00666674043502186,0.103498409512805,NA,0.113114514188005,NA,NA,NA,NA,NA,NA,NA,NA,NA,0.10312214249746,NA,0.130756647655101,NA,NA,NA,NA,NA,0.038935566490229,NA,NA,NA,0.2393551421121,1.16162043669854,NA,0.317154150726863,NA,NA,0.179039864011903,NA,NA,NA,NA,NA,NA,NA,NA,NA,NA,NA,0.0394898322229864,0.0326291760851237,NA,NA,19.6396586306244
"17",70.1,NA,NA,NA,NA,NA,NA,NA,NA,NA,NA,NA,NA,NA,NA,NA,NA,NA,NA,NA,NA,NA,NA,NA,NA,NA,NA,NA,NA,NA,NA,NA,NA,NA,NA,NA,NA,NA,NA,NA,NA,NA,NA,NA,NA,NA,NA,NA,NA,NA,NA,NA,NA,NA,NA,NA,NA,NA,NA,NA,NA,NA,NA,NA,NA,NA,NA,NA,NA,NA,NA,NA,NA,NA,NA,NA,NA,NA,NA,NA,NA,NA,NA,NA,NA,NA,NA,NA,NA,NA,NA,NA,NA,NA,NA,NA,NA,NA,NA,NA,NA,NA,NA,NA,NA,NA,NA,NA,NA,NA,NA,NA,NA,NA,NA,NA,NA,NA,NA,NA,NA,NA,NA,NA,NA,NA,NA,NA,NA,NA,NA,NA,NA,NA,NA,NA,NA,NA,NA,NA,NA,NA,NA,NA,NA,NA,NA,NA,NA,NA,NA,NA,NA,NA,NA,NA,NA,NA,NA,NA,NA,NA,NA,NA,NA,NA,NA,NA,NA,NA,NA,NA,NA,NA,NA,NA,NA,NA,NA,NA,NA,NA,NA,NA,NA,NA,NA,NA,NA,NA,NA,NA,NA,NA,NA,NA,NA,NA,NA,NA,NA,NA,NA,NA,NA,NA,0.213114112930087,NA,NA,NA,NA,NA,NA,NA,NA,NA,NA,NA,NA,NA,NA,NA,NA,NA,NA,NA,NA,NA,NA,NA,NA,NA,NA,NA,NA,NA,NA,NA,NA,NA,NA,NA,NA,NA,NA,NA,NA,NA,NA,NA,NA,NA,NA,NA,NA,NA,NA,NA,NA,NA,NA,NA,NA,NA,NA,NA,NA,NA,NA,NA,NA,NA
"18",75,NA,NA,NA,NA,NA,NA,NA,NA,NA,NA,NA,NA,NA,NA,NA,NA,NA,NA,NA,NA,NA,NA,NA,NA,NA,NA,NA,NA,NA,NA,NA,NA,NA,NA,NA,NA,NA,NA,NA,NA,NA,NA,NA,NA,NA,NA,0.0872950033819431,NA,NA,NA,NA,NA,NA,NA,NA,NA,NA,NA,NA,NA,NA,NA,NA,NA,NA,NA,NA,NA,NA,NA,NA,NA,NA,NA,NA,NA,NA,NA,NA,NA,NA,NA,NA,NA,NA,NA,NA,NA,NA,NA,NA,NA,NA,NA,NA,NA,NA,NA,NA,NA,NA,NA,NA,NA,NA,NA,NA,NA,NA,NA,NA,NA,NA,NA,NA,NA,NA,NA,NA,NA,NA,NA,NA,NA,NA,NA,NA,NA,NA,NA,NA,NA,NA,NA,NA,NA,NA,NA,NA,NA,NA,NA,NA,NA,NA,NA,NA,NA,NA,NA,NA,NA,NA,NA,NA,NA,NA,NA,NA,NA,NA,NA,NA,NA,NA,NA,NA,NA,NA,NA,NA,NA,NA,NA,NA,NA,NA,NA,NA,NA,NA,NA,NA,NA,NA,NA,NA,NA,NA,NA,NA,NA,NA,NA,NA,NA,NA,NA,NA,NA,NA,NA,NA,NA,NA,NA,NA,NA,NA,NA,NA,NA,NA,NA,NA,NA,NA,NA,NA,NA,NA,NA,NA,NA,NA,NA,NA,NA,NA,NA,NA,NA,NA,NA,NA,NA,NA,NA,NA,NA,NA,NA,NA,NA,NA,NA,NA,NA,NA,NA,NA,NA,NA,NA,NA,NA,NA,NA,NA,NA,NA,NA,NA,NA,NA,NA,NA,NA,NA,NA,NA
"19",80,NA,NA,NA,NA,NA,NA,NA,NA,NA,NA,NA,NA,NA,NA,NA,NA,NA,NA,NA,NA,NA,NA,NA,NA,NA,NA,NA,NA,NA,NA,NA,NA,NA,NA,NA,NA,NA,NA,NA,NA,NA,NA,NA,NA,NA,NA,NA,NA,NA,NA,NA,NA,NA,NA,NA,NA,NA,NA,NA,NA,NA,NA,NA,NA,NA,NA,NA,NA,NA,NA,NA,NA,NA,NA,NA,NA,NA,NA,NA,NA,NA,NA,NA,NA,NA,NA,NA,NA,NA,NA,NA,NA,NA,NA,NA,NA,NA,NA,NA,NA,NA,NA,NA,NA,NA,0.0676984166614911,NA,NA,NA,NA,NA,NA,NA,NA,NA,NA,NA,NA,NA,NA,NA,NA,NA,NA,NA,NA,NA,NA,NA,NA,NA,NA,NA,NA,NA,NA,NA,NA,NA,NA,NA,NA,NA,NA,NA,NA,NA,NA,NA,NA,NA,NA,NA,NA,NA,NA,NA,NA,NA,NA,NA,NA,NA,NA,NA,NA,NA,NA,NA,NA,NA,NA,NA,NA,NA,NA,NA,NA,NA,NA,NA,NA,NA,NA,NA,NA,NA,NA,NA,NA,NA,NA,NA,NA,NA,NA,NA,NA,NA,NA,NA,NA,NA,NA,NA,NA,NA,NA,NA,NA,NA,NA,NA,NA,NA,NA,NA,NA,NA,NA,NA,NA,NA,NA,NA,NA,NA,NA,NA,NA,NA,NA,NA,NA,NA,NA,NA,NA,NA,NA,NA,NA,NA,NA,NA,NA,NA,NA,NA,NA,NA,NA,NA,NA,NA,NA,NA,NA,NA,NA,NA,NA,NA,NA,NA,NA,NA,NA,NA,NA,NA
"20",99,NA,NA,NA,NA,NA,NA,NA,NA,NA,NA,NA,NA,NA,NA,NA,NA,NA,NA,NA,NA,NA,NA,NA,NA,NA,NA,NA,NA,NA,NA,NA,NA,NA,NA,NA,NA,NA,NA,NA,NA,NA,NA,NA,NA,NA,NA,NA,NA,NA,NA,NA,NA,NA,NA,NA,NA,NA,NA,NA,NA,NA,NA,NA,NA,NA,NA,NA,NA,NA,NA,NA,NA,NA,NA,NA,NA,NA,NA,NA,NA,NA,NA,NA,NA,NA,NA,NA,NA,NA,NA,NA,NA,NA,NA,NA,NA,NA,NA,NA,NA,NA,NA,NA,NA,NA,NA,NA,NA,NA,NA,NA,NA,NA,NA,NA,NA,NA,NA,NA,NA,NA,NA,NA,NA,NA,NA,NA,NA,NA,NA,NA,NA,NA,NA,NA,NA,NA,NA,NA,NA,NA,NA,NA,NA,NA,NA,NA,NA,NA,NA,NA,NA,NA,NA,NA,NA,NA,NA,NA,NA,NA,NA,NA,NA,NA,NA,NA,NA,NA,NA,NA,NA,NA,NA,NA,NA,NA,NA,NA,NA,NA,NA,NA,NA,NA,NA,NA,NA,NA,NA,NA,NA,NA,NA,NA,NA,NA,NA,NA,NA,NA,NA,NA,NA,0.0610526648418255,NA,NA,NA,NA,NA,NA,NA,NA,NA,NA,NA,NA,NA,NA,NA,NA,NA,NA,NA,NA,NA,NA,NA,NA,NA,NA,NA,NA,NA,NA,NA,NA,NA,NA,NA,NA,NA,NA,NA,NA,NA,NA,NA,NA,NA,NA,NA,NA,NA,NA,NA,NA,NA,NA,NA,NA,NA,NA,NA,NA,NA,NA,NA,NA,NA,NA
"21",100,NA,0.178195391428605,0.0719731157519336,0.121364078160149,0.0297129458441571,0.0818461054927266,NA,0.128431085644194,0.0590151613940796,0.13386810767749,NA,0.047669234713391,0.0133343617985548,0.00765925922773025,0.188439709731684,2.84460882925343,1.66848528452332,0.0226125877006642,0.118302466560221,0.0118538686554344,0.0145087073189572,1.1241505423749,0.0104025832595253,0.0644489196274591,0.0158232944654163,0.0146167734453822,0.0100142402668358,0.0118741698562338,0.564845632563884,NA,NA,0.0116177496413106,0.0131318986809665,0.136478286321211,1.61019610707871,2.12657826944316,NA,NA,0.0470450228343116,NA,NA,0.0785107374823435,0.00592307660501381,0.0471222348848856,NA,NA,NA,NA,NA,0.0163871429501766,0.0410747675772838,0.0403665983264848,0.0777177922071131,0.0495260428508695,0.0759881734843691,NA,0.156968892992803,0.136452746199391,0.0240767005732826,0.0100520246121367,0.0285857517946012,0.0375710731707935,NA,NA,NA,NA,NA,6.5268020046552,1.16434577598754,0.0220453244538081,0.494394773941143,0.0853426843624536,0.0889581429046647,0.0384088447238324,0.123835727212947,0.041504642237458,0.231906590052187,1.09266475560074,0.0468005831882481,0.0167835531790164,1.1639146017251,NA,0.0327183425840738,0.00984639858574863,0.00920351654698261,NA,NA,NA,0.0288535273876638,NA,NA,0.0402096622805139,0.107004684210893,0.339528363947344,0.352711715493382,0.175472280606586,0.114994835932176,0.101000584068525,NA,0.667900029737044,0.584228920909055,0.356392640075593,0.0255965743081911,NA,1.41232367498584,0.0666345361865846,0.036835235051536,NA,0.145382931818231,NA,0.0437715296901775,0.0256838384483526,NA,0.0295296817995271,NA,0.401009418215689,0.0608393984960303,NA,0.0280881821535231,0.198349781534,8.18203024744218,0.14025597076845,0.00836774294954873,0.0365231882708656,0.0836290004052361,0.0631544876321082,0.0340305349886945,NA,0.0154643132671577,0.241080914507943,0.168137752378783,0.0193922872981917,2.93290402130672,0.28221066881515,NA,0.259423513178292,2.62494050466123,0.0518656054359435,0.271699764085993,0.0712907072807448,0.0586588340391799,0.130580966219479,0.0943884397326002,0.308619349957927,0.0171352955211449,NA,0.0739094932987364,0.084534410711137,0.0977779190290981,NA,NA,NA,0.17699426924582,0.0466470982776533,0.0347331821362341,0.0161178936787243,1.45095651620218,0.183181132002228,0.661847189485009,0.138351868750608,0.0466746744571636,0.0577338914486139,NA,0.577993861030436,0.0609260072752748,NA,0.146085134148291,0.198360621308718,0.153848467888254,NA,0.357622277800454,NA,0.0129420893537334,0.0348652530631683,0.0655507551562007,0.0365525579716411,0.111280121302814,0.0339131200580391,0.0506564020573465,0.00663928293859488,0.105117003861206,0.0212767315028388,0.102136902859514,0.171325578888151,0.306641203209475,0.0840007224362259,0.14630021819023,0.202319866795934,0.0856978438643172,0.0690522007530679,0.187141956889551,0.207683051100745,7.60299696491112,0.177283372056972,0.0336788646425096,0.0404570953069732,0.403479139655291,0.0218247231601729,0.0434859856124189,0.0357305727059215,0.0140812175875087,0.00541328478744117,0.0997773222350838,0.0561132220693683,NA,0.211497675540996,0.115447956157714,0.28411228623288,0.187037368902221,NA,0.0987001945903419,0.00694394268178277,0.0565361083060994,0.00619905826948843,0.114386768898426,0.0678101261907942,0.00830550891152544,0.339999868684962,0.0428656029116215,0.264967383237436,0.0219316176824805,0.155744398511831,0.00666745594374775,NA,0.0113280047356941,0.111607769182265,0.050401241865804,0.142197762888031,0.235091099691099,0.0510116753242702,0.103838829907831,16.325484598274,0.572682170855497,0.15163653818272,0.266814465995208,0.244575892563474,0.109402637980369,0.117122775890324,0.130256455284853,0.111221895630784,0.193857736061329,0.383112702270334,0.441491599104864,0.16194795221968,0.031114208793698,0.386765740024281,2.72249072431176,0.136881923513154,0.0176105103268172,1.13023419797937,0.0950997792168914,0.314490323518361,0.337195066137084,0.510574276520014,0.0938164933786865,0.0461167351501623,0.056688778054489,0.027178663245858,0.06673131298285,0.0371774267860942,0.01948318661849,0.0940068245009463,0.0282766039475152,0.267689233703957,0.0623191536043488,0.096596672865647,0.0418664502518903,0.0344818592768502,0.00406700040990055,0.427902514383793,8.57029707553649
"22",105,NA,NA,NA,NA,NA,NA,NA,NA,NA,NA,NA,NA,NA,NA,NA,NA,NA,NA,NA,NA,NA,NA,NA,NA,NA,NA,NA,NA,NA,NA,NA,NA,NA,NA,NA,NA,NA,NA,NA,NA,NA,NA,NA,NA,NA,NA,NA,NA,NA,NA,NA,NA,NA,NA,NA,NA,NA,NA,NA,NA,NA,NA,NA,NA,NA,NA,NA,NA,NA,NA,NA,0.0344620844056448,NA,NA,NA,NA,NA,NA,NA,NA,NA,NA,NA,NA,NA,NA,NA,NA,NA,NA,NA,NA,NA,NA,NA,NA,NA,NA,NA,NA,NA,NA,NA,NA,NA,NA,NA,NA,NA,NA,NA,NA,NA,NA,NA,NA,NA,NA,NA,NA,NA,NA,NA,NA,NA,NA,NA,NA,NA,NA,NA,NA,2.53676880646119,NA,NA,NA,NA,NA,NA,NA,NA,NA,NA,NA,NA,NA,NA,NA,NA,NA,NA,NA,NA,NA,NA,NA,NA,NA,NA,NA,NA,NA,NA,NA,NA,NA,NA,NA,NA,NA,NA,NA,NA,NA,NA,NA,NA,NA,NA,NA,NA,NA,NA,NA,NA,NA,NA,NA,NA,NA,NA,NA,NA,NA,NA,NA,NA,NA,NA,NA,NA,NA,NA,NA,NA,NA,NA,NA,NA,NA,NA,NA,NA,NA,NA,NA,NA,NA,NA,NA,NA,NA,NA,NA,NA,NA,NA,NA,NA,NA,NA,NA,NA,NA,NA,NA,NA,NA,NA,NA,NA,NA,NA,NA,NA,NA,NA,NA,NA,NA,NA,NA,NA,NA,NA,NA,NA,NA,NA,NA,NA,NA,NA,NA,NA,NA,NA,NA,NA,NA,NA
"23",110,NA,NA,NA,NA,NA,NA,NA,NA,NA,NA,NA,NA,0.0109665497961504,0.00811321375613868,NA,NA,NA,NA,NA,NA,NA,NA,NA,NA,NA,NA,NA,NA,NA,NA,NA,NA,NA,NA,NA,NA,NA,NA,NA,NA,NA,NA,NA,NA,NA,NA,NA,NA,NA,NA,NA,NA,NA,NA,NA,NA,0.165428414506048,NA,0.0111461640508675,0.00832493779118351,0.0190500509141449,0.0211532459835382,NA,NA,NA,NA,NA,NA,NA,NA,NA,0.0378409620663887,0.0683549070103707,NA,NA,NA,NA,NA,0.0187230888533548,0.0104742993911563,NA,NA,NA,NA,NA,NA,NA,NA,NA,NA,NA,NA,NA,NA,NA,NA,NA,NA,NA,NA,NA,NA,NA,NA,NA,NA,NA,NA,NA,NA,NA,NA,NA,NA,NA,NA,NA,NA,NA,NA,NA,NA,NA,NA,NA,NA,NA,NA,NA,NA,NA,NA,2.48970902082606,NA,NA,NA,NA,NA,NA,NA,NA,NA,NA,NA,NA,NA,NA,NA,NA,NA,NA,NA,NA,NA,NA,NA,NA,NA,NA,NA,NA,NA,NA,NA,NA,NA,NA,NA,NA,NA,NA,NA,NA,NA,NA,NA,NA,NA,NA,NA,NA,NA,NA,NA,NA,NA,NA,NA,NA,NA,NA,NA,NA,NA,NA,NA,NA,NA,NA,NA,NA,NA,NA,NA,NA,NA,NA,NA,NA,NA,NA,NA,NA,NA,NA,NA,NA,NA,NA,NA,NA,NA,NA,NA,NA,NA,NA,NA,NA,NA,NA,NA,NA,NA,NA,NA,NA,NA,NA,NA,NA,NA,NA,NA,NA,NA,NA,NA,NA,NA,NA,NA,NA,NA,NA,NA,NA,NA,NA,NA,NA,NA,NA,NA,NA,NA,NA,NA,NA,NA,NA
"24",115,NA,NA,NA,NA,NA,NA,NA,NA,NA,NA,NA,NA,NA,NA,NA,NA,NA,NA,NA,NA,NA,NA,NA,NA,NA,NA,NA,NA,NA,NA,NA,NA,NA,NA,NA,NA,NA,NA,NA,NA,NA,NA,NA,NA,NA,NA,NA,NA,NA,NA,NA,NA,NA,NA,NA,NA,NA,NA,NA,NA,NA,NA,NA,NA,NA,NA,NA,NA,NA,NA,NA,NA,NA,NA,NA,NA,NA,NA,NA,NA,NA,NA,NA,NA,NA,NA,NA,NA,NA,NA,NA,NA,NA,NA,NA,NA,NA,NA,NA,NA,NA,NA,NA,NA,NA,NA,NA,NA,NA,NA,NA,NA,NA,NA,NA,NA,NA,NA,NA,NA,NA,NA,NA,NA,NA,NA,NA,NA,NA,NA,NA,NA,2.37809837033458,NA,NA,NA,NA,NA,NA,NA,NA,NA,NA,NA,NA,NA,NA,NA,NA,NA,NA,NA,NA,NA,NA,NA,NA,NA,NA,NA,NA,NA,NA,NA,NA,NA,NA,NA,NA,NA,NA,NA,NA,NA,NA,NA,NA,NA,NA,NA,NA,NA,NA,NA,NA,NA,NA,NA,NA,NA,NA,NA,NA,NA,NA,NA,NA,NA,NA,NA,NA,NA,NA,NA,NA,NA,NA,NA,NA,NA,NA,NA,NA,NA,NA,NA,NA,NA,NA,NA,NA,NA,NA,NA,NA,NA,NA,NA,NA,NA,NA,NA,NA,NA,NA,NA,NA,NA,NA,NA,NA,NA,NA,NA,NA,NA,NA,NA,NA,NA,NA,NA,NA,NA,NA,NA,NA,NA,NA,NA,NA,NA,NA,NA,NA,NA,NA,NA,NA,NA,NA
"25",120,NA,NA,NA,NA,NA,NA,NA,NA,NA,NA,NA,NA,NA,NA,NA,NA,NA,NA,NA,NA,NA,NA,NA,NA,NA,NA,NA,NA,NA,NA,NA,NA,NA,NA,NA,NA,NA,NA,NA,NA,NA,NA,NA,NA,NA,NA,NA,NA,NA,0.0106928362519901,0.0222572938396607,0.0213711116448021,NA,NA,NA,NA,0.093854037723676,NA,0.00982514828000482,NA,0.0190971084901304,0.0178857183969512,NA,NA,NA,NA,NA,NA,NA,NA,NA,NA,0.0529389757631742,NA,NA,NA,NA,NA,NA,0.00934271645902056,NA,NA,NA,NA,NA,NA,NA,NA,NA,NA,NA,NA,NA,NA,NA,NA,NA,NA,NA,NA,NA,NA,NA,NA,NA,NA,NA,NA,NA,NA,NA,NA,NA,NA,NA,NA,NA,NA,NA,NA,NA,NA,NA,NA,NA,NA,NA,NA,NA,NA,NA,NA,2.04314695723713,NA,NA,NA,NA,NA,NA,NA,NA,NA,NA,NA,NA,NA,NA,NA,NA,NA,NA,NA,NA,NA,NA,NA,NA,NA,NA,NA,NA,NA,NA,NA,NA,NA,NA,NA,NA,NA,NA,NA,NA,NA,NA,NA,NA,NA,NA,NA,NA,NA,NA,NA,NA,NA,NA,NA,NA,NA,NA,NA,NA,NA,NA,NA,NA,NA,NA,NA,NA,NA,NA,NA,NA,NA,NA,NA,NA,NA,NA,NA,NA,NA,NA,NA,NA,NA,NA,NA,NA,NA,NA,NA,NA,NA,NA,NA,NA,NA,NA,NA,NA,NA,NA,NA,NA,NA,NA,NA,NA,NA,NA,NA,NA,NA,NA,NA,NA,NA,NA,NA,NA,NA,NA,NA,NA,NA,NA,NA,NA,NA,NA,NA,NA,NA,NA,NA,NA,NA,NA
"26",130,NA,NA,NA,NA,NA,NA,NA,NA,NA,NA,NA,NA,NA,NA,NA,NA,NA,NA,NA,NA,NA,NA,NA,NA,NA,NA,NA,NA,NA,NA,NA,NA,NA,NA,NA,NA,NA,NA,NA,NA,NA,NA,NA,NA,NA,NA,NA,NA,NA,NA,NA,NA,NA,NA,NA,NA,0.0645886825365034,0.134570615342693,NA,NA,NA,NA,NA,NA,NA,NA,NA,NA,NA,NA,NA,NA,NA,NA,NA,NA,NA,NA,NA,NA,NA,NA,NA,NA,NA,NA,NA,NA,NA,NA,NA,NA,NA,NA,NA,NA,NA,NA,NA,NA,NA,NA,NA,NA,NA,NA,NA,NA,NA,NA,NA,NA,NA,NA,NA,NA,NA,NA,NA,NA,NA,NA,NA,NA,NA,NA,NA,NA,NA,NA,NA,NA,NA,NA,NA,NA,NA,NA,NA,NA,NA,NA,NA,NA,NA,NA,NA,NA,NA,NA,NA,NA,NA,NA,NA,NA,NA,NA,NA,NA,NA,NA,NA,NA,NA,NA,NA,NA,NA,NA,NA,NA,NA,NA,NA,NA,NA,NA,NA,NA,NA,NA,NA,NA,NA,NA,NA,NA,NA,NA,NA,NA,NA,NA,NA,NA,NA,NA,NA,NA,NA,NA,NA,NA,NA,NA,NA,NA,NA,NA,NA,NA,NA,NA,NA,NA,NA,NA,NA,NA,NA,NA,NA,NA,NA,NA,NA,NA,NA,NA,NA,NA,NA,NA,NA,NA,NA,NA,NA,NA,NA,NA,NA,NA,NA,NA,NA,NA,NA,NA,NA,NA,NA,NA,NA,NA,NA,NA,NA,NA,NA,NA,NA,NA,NA,NA,NA,NA,NA,NA,NA
"27",140,NA,NA,NA,NA,NA,NA,NA,NA,NA,NA,NA,NA,NA,NA,NA,NA,NA,NA,NA,NA,NA,NA,NA,NA,NA,NA,NA,NA,NA,NA,NA,NA,NA,NA,NA,NA,NA,NA,NA,NA,NA,NA,NA,NA,NA,NA,NA,NA,NA,0.01022534257493,0.0225353106015049,0.0170829615568374,NA,NA,NA,NA,NA,NA,NA,NA,NA,NA,NA,NA,NA,NA,NA,NA,NA,NA,NA,NA,NA,NA,NA,NA,NA,NA,NA,NA,NA,NA,NA,NA,NA,NA,NA,NA,NA,NA,NA,NA,NA,NA,NA,NA,NA,NA,NA,NA,NA,NA,NA,NA,NA,NA,NA,NA,NA,NA,NA,NA,NA,NA,NA,NA,NA,NA,NA,NA,NA,NA,NA,NA,NA,NA,NA,NA,NA,NA,NA,NA,NA,NA,NA,NA,NA,NA,NA,NA,NA,NA,NA,NA,NA,NA,NA,NA,NA,NA,NA,NA,NA,NA,NA,NA,NA,NA,NA,NA,NA,NA,NA,NA,NA,NA,NA,NA,NA,NA,NA,NA,NA,NA,NA,NA,NA,NA,NA,NA,NA,NA,NA,NA,NA,NA,NA,NA,NA,NA,NA,NA,NA,NA,NA,NA,NA,NA,NA,NA,NA,NA,NA,NA,NA,NA,NA,NA,NA,NA,NA,NA,NA,NA,NA,NA,NA,NA,NA,NA,NA,NA,NA,NA,NA,NA,NA,NA,NA,NA,NA,NA,NA,NA,NA,NA,NA,NA,NA,NA,NA,NA,NA,NA,NA,NA,NA,NA,NA,NA,NA,NA,NA,NA,NA,NA,NA,NA,NA,NA,NA,NA,NA,NA,NA,NA,NA,NA,NA,NA,NA
"28",150,NA,NA,NA,NA,NA,NA,NA,NA,NA,NA,NA,NA,NA,NA,NA,NA,NA,NA,NA,NA,0.0139695804545445,0.52586861563608,0.0112535498952702,0.017993147771822,NA,NA,NA,NA,NA,NA,NA,NA,0.00976278491233174,NA,NA,NA,NA,NA,NA,NA,NA,0.0341522097505764,NA,NA,NA,NA,NA,NA,NA,NA,NA,NA,0.0383351096764697,0.031199944481594,0.0298898262386773,NA,NA,0.145100317483934,NA,NA,NA,NA,NA,NA,NA,NA,NA,1.13353616285016,0.943226056826797,NA,NA,NA,NA,NA,NA,0.0387372198929068,NA,1.01980869187533,NA,NA,0.630937783338381,NA,NA,NA,NA,NA,NA,NA,NA,NA,NA,NA,NA,NA,NA,0.193687255092029,NA,NA,NA,NA,NA,NA,NA,NA,1.38404486853546,NA,NA,NA,NA,NA,NA,NA,NA,NA,NA,NA,NA,NA,NA,NA,NA,NA,NA,NA,NA,0.0651202932138999,NA,NA,NA,NA,NA,0.0184849436472769,2.53676880646119,NA,NA,NA,NA,NA,NA,NA,NA,NA,NA,NA,NA,NA,NA,NA,NA,NA,NA,NA,NA,NA,NA,NA,NA,NA,NA,NA,NA,NA,NA,NA,NA,NA,NA,NA,NA,NA,NA,NA,NA,NA,NA,NA,NA,NA,NA,NA,NA,NA,NA,NA,NA,NA,NA,NA,NA,NA,NA,NA,NA,NA,NA,NA,NA,NA,NA,NA,NA,NA,NA,NA,NA,NA,NA,NA,NA,NA,NA,NA,NA,NA,NA,NA,NA,NA,NA,NA,NA,NA,NA,NA,NA,NA,NA,NA,NA,NA,NA,NA,NA,NA,NA,NA,NA,NA,NA,NA,NA,NA,NA,NA,NA,NA,NA,NA,NA,NA,NA,NA,NA,NA,NA,NA,NA,NA,NA,NA,NA,NA,NA,NA,NA,NA,NA,NA,NA,NA,NA
"29",160,NA,NA,NA,NA,NA,NA,NA,NA,NA,NA,NA,NA,NA,NA,NA,NA,NA,NA,NA,NA,NA,NA,NA,NA,NA,NA,NA,NA,NA,NA,NA,NA,NA,NA,NA,NA,NA,NA,NA,NA,NA,NA,NA,NA,NA,NA,NA,NA,NA,0.00979098330404517,0.0212828263800157,0.0155597211664475,NA,NA,NA,NA,NA,NA,NA,NA,NA,NA,NA,NA,NA,NA,NA,NA,NA,NA,NA,NA,NA,NA,NA,NA,NA,NA,NA,NA,NA,NA,NA,NA,NA,NA,NA,NA,NA,NA,NA,NA,NA,NA,NA,NA,NA,NA,NA,NA,NA,NA,NA,NA,NA,NA,NA,NA,NA,NA,NA,NA,NA,NA,NA,NA,NA,NA,NA,NA,NA,NA,NA,NA,NA,NA,NA,NA,NA,NA,NA,NA,NA,NA,NA,NA,NA,NA,NA,NA,NA,NA,NA,NA,NA,NA,NA,NA,NA,NA,NA,NA,NA,NA,NA,NA,NA,NA,NA,NA,NA,NA,NA,NA,NA,NA,NA,NA,NA,NA,NA,NA,NA,NA,NA,NA,NA,NA,NA,NA,NA,NA,NA,NA,NA,NA,NA,NA,NA,NA,NA,NA,NA,NA,NA,NA,NA,NA,NA,NA,NA,NA,NA,NA,NA,NA,NA,NA,NA,NA,NA,NA,NA,NA,NA,NA,NA,NA,NA,NA,NA,NA,NA,NA,NA,NA,NA,NA,NA,NA,NA,NA,NA,NA,NA,NA,NA,NA,NA,NA,NA,NA,NA,NA,NA,NA,NA,NA,NA,NA,NA,NA,NA,NA,NA,NA,NA,NA,NA,NA,NA,NA,NA,NA,NA,NA,NA,NA,NA,NA,NA
"30",170,NA,NA,NA,NA,NA,NA,NA,NA,NA,NA,NA,NA,NA,NA,NA,NA,NA,NA,NA,NA,NA,NA,NA,NA,NA,NA,NA,NA,NA,NA,NA,NA,NA,NA,NA,NA,NA,NA,NA,NA,NA,NA,NA,NA,NA,NA,NA,NA,NA,NA,NA,NA,NA,NA,NA,NA,NA,NA,NA,NA,NA,NA,NA,NA,NA,NA,NA,NA,NA,NA,NA,NA,NA,NA,NA,NA,NA,NA,NA,NA,NA,NA,NA,NA,NA,NA,NA,NA,NA,NA,NA,NA,NA,NA,NA,NA,NA,NA,NA,NA,NA,NA,NA,NA,NA,NA,NA,NA,NA,NA,NA,NA,NA,NA,NA,NA,NA,NA,NA,NA,NA,NA,NA,NA,NA,NA,NA,NA,NA,NA,NA,NA,2.3832726633239,NA,NA,NA,NA,NA,NA,NA,NA,NA,NA,NA,NA,NA,NA,NA,NA,NA,NA,NA,NA,NA,NA,NA,NA,NA,NA,NA,NA,NA,NA,NA,NA,NA,NA,NA,NA,NA,NA,NA,NA,NA,NA,NA,NA,NA,NA,NA,NA,NA,NA,NA,NA,NA,NA,NA,NA,NA,NA,NA,NA,NA,NA,NA,NA,NA,NA,NA,NA,NA,NA,NA,NA,NA,NA,NA,NA,NA,NA,NA,NA,NA,NA,NA,NA,NA,NA,NA,NA,NA,NA,NA,NA,NA,NA,NA,NA,NA,NA,NA,NA,NA,NA,NA,NA,NA,NA,NA,NA,NA,NA,NA,NA,NA,NA,NA,NA,NA,NA,NA,NA,NA,NA,NA,NA,NA,NA,NA,NA,NA,NA,NA,NA,NA,NA,NA,NA,NA,NA
"31",180,NA,NA,NA,NA,NA,NA,NA,NA,NA,NA,NA,NA,NA,NA,NA,NA,NA,NA,NA,NA,NA,NA,NA,NA,NA,NA,NA,NA,NA,NA,NA,NA,NA,NA,NA,NA,NA,NA,NA,NA,NA,NA,NA,NA,NA,NA,NA,NA,NA,NA,0.022643927575937,0.0126087682517146,NA,NA,NA,NA,NA,NA,NA,NA,NA,NA,NA,NA,NA,NA,NA,NA,NA,NA,NA,NA,NA,NA,NA,NA,NA,NA,NA,NA,NA,NA,NA,NA,NA,NA,NA,NA,NA,NA,NA,NA,NA,NA,NA,NA,NA,NA,NA,NA,NA,NA,NA,NA,NA,NA,NA,NA,NA,NA,NA,NA,NA,NA,NA,NA,NA,NA,NA,NA,NA,NA,NA,NA,NA,NA,NA,NA,NA,NA,NA,NA,NA,NA,NA,NA,NA,NA,NA,NA,NA,NA,NA,NA,NA,NA,NA,NA,NA,NA,NA,NA,NA,NA,NA,NA,NA,NA,NA,NA,NA,NA,NA,NA,NA,NA,NA,NA,NA,NA,NA,NA,NA,NA,NA,NA,NA,NA,NA,NA,NA,NA,NA,NA,NA,NA,NA,NA,NA,NA,NA,NA,NA,NA,NA,NA,NA,NA,NA,NA,NA,NA,NA,NA,NA,NA,NA,NA,NA,NA,NA,NA,NA,NA,NA,NA,NA,NA,NA,NA,NA,NA,NA,NA,NA,NA,NA,NA,NA,NA,NA,NA,NA,NA,NA,NA,NA,NA,NA,NA,NA,NA,NA,NA,NA,NA,NA,NA,NA,NA,NA,NA,NA,NA,NA,NA,NA,NA,NA,NA,NA,NA,NA,NA,NA,NA,NA,NA,NA,NA,NA
"32",200,NA,NA,NA,NA,NA,NA,NA,NA,NA,NA,NA,NA,NA,NA,NA,1.64863824123347,1.28535170956529,NA,NA,NA,0.0131552451397805,NA,NA,0.0159842679793267,NA,NA,NA,NA,NA,NA,NA,NA,0.0121963570196482,NA,NA,NA,NA,NA,NA,NA,NA,0.0313451299490399,NA,NA,NA,NA,NA,NA,NA,NA,NA,NA,0.0168495229476454,0.0130452862421552,0.0184322416417464,NA,NA,NA,NA,NA,NA,NA,NA,NA,NA,NA,NA,1.0918864459326,NA,NA,NA,NA,NA,NA,NA,0.0317245707015439,NA,0.835191400851456,NA,NA,NA,NA,NA,NA,NA,NA,NA,NA,NA,NA,NA,NA,NA,NA,NA,0.193161060391076,NA,NA,NA,NA,NA,NA,NA,NA,1.32331718065395,NA,NA,NA,NA,NA,NA,NA,NA,NA,NA,NA,NA,NA,NA,NA,NA,NA,NA,NA,0.0945550496583973,0.0664083848247705,0.0688361307411149,NA,NA,NA,NA,0.0197808630031422,2.48970902082606,NA,NA,NA,NA,NA,NA,NA,NA,NA,NA,NA,NA,NA,NA,NA,NA,NA,NA,NA,NA,NA,NA,NA,NA,NA,NA,NA,NA,NA,NA,NA,NA,NA,NA,NA,NA,NA,NA,NA,NA,NA,NA,NA,NA,NA,NA,NA,NA,NA,NA,NA,NA,NA,NA,NA,NA,NA,NA,NA,6.32449188766486,NA,NA,NA,NA,NA,NA,NA,NA,NA,NA,NA,NA,NA,NA,0.298842013753389,NA,NA,NA,NA,NA,NA,NA,NA,NA,NA,NA,NA,NA,NA,NA,NA,NA,NA,NA,NA,NA,NA,NA,NA,NA,NA,NA,NA,NA,NA,NA,NA,NA,NA,NA,NA,NA,NA,NA,NA,NA,NA,NA,NA,NA,NA,NA,NA,NA,NA,NA,NA,NA,NA,0.0199301710958876,NA,NA,NA,NA,NA,NA,NA,NA
"33",250,NA,NA,NA,NA,NA,NA,NA,NA,NA,NA,NA,NA,NA,NA,NA,NA,NA,NA,NA,NA,0.01227613542116,NA,NA,0.0177139656658055,NA,NA,NA,NA,NA,NA,NA,NA,0.0115167206975773,NA,NA,NA,0.0888139369134699,0.190716195032412,NA,1.48017531924781,6.83774133888283,NA,NA,NA,NA,NA,NA,NA,0.0503614312509248,NA,NA,NA,0.0160018835151798,0.00969429146853234,0.0130026793390522,NA,NA,NA,NA,NA,NA,NA,0.0469934808898615,0.0109394891174859,0.00902438699741797,NA,NA,NA,NA,NA,NA,NA,NA,NA,NA,0.0288283235247729,NA,0.758943852554081,NA,NA,NA,NA,NA,NA,NA,NA,NA,NA,NA,NA,NA,NA,NA,NA,NA,0.203324026109278,NA,NA,NA,NA,NA,NA,NA,NA,1.38605505506817,NA,NA,NA,NA,NA,NA,NA,NA,NA,NA,NA,NA,NA,NA,NA,NA,NA,NA,NA,NA,0.062184445400838,NA,NA,NA,NA,NA,0.017213681755485,2.37809837033458,NA,NA,NA,NA,NA,NA,NA,NA,NA,NA,NA,NA,NA,NA,NA,NA,NA,NA,NA,NA,NA,NA,NA,NA,NA,NA,NA,NA,NA,NA,NA,NA,NA,NA,NA,NA,NA,NA,NA,NA,NA,NA,NA,NA,NA,NA,NA,NA,NA,NA,NA,NA,NA,NA,NA,NA,NA,NA,NA,NA,NA,NA,NA,NA,NA,NA,NA,NA,NA,NA,NA,NA,NA,NA,NA,NA,NA,NA,NA,NA,NA,NA,NA,NA,NA,NA,NA,NA,NA,NA,NA,NA,NA,NA,NA,NA,NA,NA,NA,NA,NA,NA,NA,NA,NA,NA,NA,NA,NA,NA,NA,NA,NA,NA,NA,NA,NA,NA,NA,NA,NA,NA,NA,NA,NA,NA,NA,NA,NA,NA,NA,NA,NA,NA,NA,NA,NA,NA
"34",300,NA,0.179377314921207,0.0576310499382644,0.102918201614275,0.0284730701589868,0.0509905230395768,NA,0.097431024140592,0.0242546969322388,0.0853316295164379,NA,0.0116970201274091,NA,NA,NA,1.52673035918796,NA,NA,NA,NA,NA,NA,NA,NA,NA,NA,NA,NA,NA,NA,NA,NA,0.0107981406905728,0.123958258242847,1.61516517976151,2.15197917136802,NA,NA,NA,NA,NA,NA,NA,NA,NA,NA,NA,NA,NA,NA,NA,NA,0.0156394008898454,0.00725039097373534,NA,NA,NA,NA,NA,NA,NA,NA,NA,NA,NA,NA,NA,NA,NA,NA,NA,NA,NA,NA,NA,0.0279919489437419,0.229671407366569,0.736925182402813,NA,NA,NA,NA,NA,NA,NA,NA,NA,NA,NA,NA,NA,NA,NA,NA,0.398439206848591,NA,NA,NA,NA,0.742512192742067,0.59361358144261,0.330584183894729,0.0235932484158822,NA,1.32019907812401,NA,0.0389524914239816,NA,NA,NA,0.0384033479711551,NA,NA,0.0265571732090839,NA,0.343398399563961,NA,NA,0.0178373794739954,0.195846938471215,NA,0.129950432739274,0.00785257799068682,0.0378102193082511,0.102178473544649,0.0636219532390444,0.0594472386182955,NA,NA,0.140227934248922,0.136063272755727,NA,2.04314695723713,0.292210170952833,NA,0.279840508561288,0.698578702711391,0.0370432040124823,0.192567175003238,0.0318493343610733,0.0140960045653623,0.0881241051300053,0.0624648975472379,0.396077447108769,0.0164608825129587,NA,0.0752484238128293,0.0844061493454263,0.0951049336548316,NA,NA,0.161446742678397,0.157666203392308,0.0477038441659073,0.0348568516216906,NA,1.41312186404209,0.216054247037335,0.696438267677343,NA,0.00959737803008387,0.00503516824297703,NA,NA,0.00354006556808748,NA,NA,0.190288778692247,NA,NA,NA,NA,NA,0.0198364231054272,0.0249137663088879,0.0114421976155917,0.013454939005699,0.0213908099549054,0.0157780354218333,0.00480453622231895,0.0684299329963272,0.0104312135279584,0.0954087235504643,0.136274000713812,0.266032775442406,0.051189760920309,0.0720977684709668,0.182912559912674,0.0778855057828814,0.0651282595163182,0.170891272459106,0.181668058243986,6.84690568829082,0.178446855868369,0.0249340754139537,0.0348722978457243,0.392581801348207,NA,0.0323124579007088,0.00285467835813053,NA,0.00392320598272215,NA,0.0479621110567176,0.0587774409059975,0.195331561517187,0.122898954999012,0.291116630659146,0.189565751027907,NA,0.0923681826418023,0.00268083622420353,0.0149128358135555,0.00145335066010558,0.0298535196748949,NA,0.00762196102556529,NA,0.0413632398727291,NA,0.0044145025035542,NA,0.0053129613655185,NA,NA,NA,0.0550834167519814,NA,0.076644851163456,NA,0.0791759615669969,NA,0.343550231424332,NA,0.263926709093706,NA,0.126046002049713,NA,0.0983264448767166,0.0815991778991983,NA,0.385467265429619,NA,0.121082409009196,0.00746603152288334,NA,0.00907007997879019,0.0609815574380575,NA,0.530559382022628,NA,0.107330033569923,NA,NA,0.0237209881614987,0.0213742889397082,0.0216464247864017,0.0255877159825031,0.0340050655889383,0.0235245881825018,0.00487089429254077,0.0799166552619648,0.0175654046161292,0.242555481478862,0.0361705173602174,0.0704358075460998,0.0436220363157747,0.0344344856043361,NA,0.108758124170499,6.25567859219205
"35",350,NA,NA,NA,NA,NA,NA,NA,NA,NA,NA,NA,NA,NA,NA,NA,NA,NA,NA,NA,NA,NA,NA,NA,0.0166731068963973,NA,NA,NA,NA,NA,NA,NA,NA,NA,NA,NA,NA,NA,NA,NA,NA,NA,NA,NA,NA,NA,NA,NA,NA,NA,NA,NA,NA,0.0165256700624037,0.00816741168937558,NA,NA,NA,NA,NA,NA,NA,NA,NA,NA,NA,NA,NA,NA,NA,NA,NA,NA,NA,NA,NA,NA,NA,NA,NA,NA,NA,NA,NA,NA,NA,NA,NA,NA,NA,NA,NA,NA,NA,NA,NA,NA,NA,NA,NA,NA,NA,NA,NA,NA,NA,NA,NA,NA,NA,NA,NA,NA,NA,NA,NA,NA,NA,NA,NA,NA,NA,NA,NA,NA,NA,NA,NA,NA,NA,NA,NA,NA,NA,NA,NA,NA,NA,NA,NA,NA,NA,NA,NA,NA,NA,NA,NA,NA,NA,NA,NA,NA,NA,NA,NA,NA,NA,NA,NA,NA,NA,NA,NA,NA,NA,NA,NA,NA,NA,NA,NA,NA,NA,NA,NA,NA,NA,NA,NA,NA,NA,NA,NA,NA,NA,NA,NA,NA,NA,NA,NA,NA,NA,NA,NA,NA,NA,NA,NA,NA,NA,NA,NA,NA,NA,NA,NA,NA,NA,NA,NA,NA,NA,NA,NA,NA,NA,NA,NA,NA,NA,NA,NA,NA,NA,NA,NA,NA,NA,NA,NA,NA,NA,NA,NA,NA,NA,NA,NA,NA,NA,NA,NA,NA,NA,NA,NA,NA,NA,NA,NA,NA,NA,NA,NA,NA,NA,NA,NA,NA,NA,NA,NA,NA,NA,NA,NA,NA,NA,NA,NA
"36",400,NA,NA,NA,NA,NA,NA,NA,NA,NA,NA,NA,NA,NA,NA,NA,1.52210520114353,NA,NA,NA,NA,NA,NA,NA,NA,NA,NA,NA,NA,NA,NA,NA,NA,NA,NA,NA,NA,NA,NA,NA,NA,NA,NA,NA,NA,NA,NA,NA,NA,NA,NA,NA,NA,NA,NA,NA,NA,NA,NA,NA,NA,NA,NA,NA,NA,NA,NA,NA,NA,NA,NA,NA,NA,NA,NA,NA,NA,NA,NA,NA,NA,NA,NA,NA,NA,NA,NA,NA,NA,NA,NA,NA,NA,NA,NA,0.344259533858579,NA,NA,NA,NA,NA,NA,NA,NA,NA,NA,NA,NA,NA,NA,NA,NA,NA,NA,NA,NA,NA,NA,NA,NA,NA,NA,NA,NA,NA,NA,NA,NA,NA,NA,NA,NA,NA,NA,NA,NA,NA,NA,NA,NA,NA,NA,NA,NA,NA,NA,NA,NA,NA,NA,NA,NA,NA,NA,NA,NA,NA,NA,NA,NA,NA,NA,NA,NA,NA,NA,NA,NA,NA,NA,NA,NA,NA,NA,NA,NA,NA,NA,NA,NA,NA,NA,NA,NA,NA,NA,NA,NA,NA,NA,NA,NA,NA,NA,NA,NA,NA,NA,NA,NA,NA,NA,NA,NA,NA,NA,NA,NA,NA,NA,NA,NA,NA,NA,NA,NA,NA,NA,NA,NA,NA,NA,NA,NA,NA,NA,NA,NA,NA,NA,NA,NA,NA,NA,NA,NA,NA,NA,NA,NA,NA,NA,NA,NA,NA,NA,NA,NA,NA,NA,NA,NA,NA,NA,NA,NA,NA,NA,NA,NA,NA,NA,NA,0.0113803052721417,NA,NA,NA,NA,NA,NA,NA,NA
"37",500,NA,NA,NA,NA,NA,NA,NA,NA,NA,NA,NA,NA,NA,NA,NA,1.51207644995163,1.07201489369609,NA,NA,NA,NA,NA,NA,NA,NA,NA,NA,NA,NA,NA,NA,NA,0.0117139587724621,NA,NA,NA,0.0838988285665622,0.205520449208843,NA,1.3764592227527,6.59883280851207,NA,NA,NA,NA,NA,NA,NA,0.0466734094102146,NA,NA,NA,NA,NA,NA,NA,NA,NA,NA,NA,NA,NA,0.0102108098200002,0.00834750762305842,0.00739818607809494,NA,NA,NA,NA,NA,NA,NA,NA,NA,NA,NA,NA,NA,NA,NA,NA,NA,NA,NA,NA,NA,NA,NA,NA,NA,NA,NA,NA,NA,NA,NA,NA,NA,NA,NA,NA,NA,NA,NA,NA,NA,NA,NA,NA,NA,NA,NA,NA,NA,NA,NA,NA,NA,NA,NA,NA,NA,NA,NA,NA,NA,NA,NA,NA,NA,NA,NA,NA,NA,NA,NA,NA,NA,NA,NA,NA,NA,NA,NA,NA,NA,NA,NA,NA,NA,NA,NA,NA,NA,NA,NA,NA,NA,NA,NA,NA,NA,NA,NA,NA,NA,NA,NA,NA,NA,NA,NA,NA,NA,NA,NA,NA,NA,NA,NA,NA,NA,NA,NA,NA,NA,NA,NA,NA,NA,NA,NA,NA,NA,NA,NA,NA,NA,NA,NA,NA,NA,NA,NA,NA,NA,NA,0.29697162992787,0.17079946101625,NA,NA,NA,NA,NA,NA,NA,NA,NA,NA,NA,NA,NA,NA,NA,NA,NA,NA,NA,NA,NA,NA,NA,NA,NA,NA,NA,NA,NA,NA,NA,NA,NA,NA,NA,NA,NA,NA,NA,NA,NA,NA,NA,NA,NA,NA,NA,NA,NA,NA,NA,NA,NA,0.0095989839396694,NA,NA,NA,0.00569681392200645,NA,NA,NA,NA
"38",600,NA,NA,NA,NA,NA,NA,NA,NA,NA,NA,NA,NA,NA,NA,NA,NA,NA,NA,NA,NA,NA,NA,NA,NA,NA,NA,NA,NA,NA,NA,NA,NA,NA,NA,NA,NA,NA,NA,NA,NA,NA,NA,NA,NA,NA,NA,NA,NA,NA,NA,NA,NA,NA,NA,NA,NA,NA,NA,NA,NA,NA,NA,NA,NA,NA,NA,NA,NA,NA,NA,NA,NA,NA,NA,NA,NA,NA,NA,NA,NA,NA,NA,NA,NA,NA,NA,NA,NA,NA,NA,NA,NA,NA,NA,NA,NA,NA,NA,NA,NA,NA,NA,NA,NA,NA,NA,NA,NA,NA,NA,NA,NA,NA,NA,NA,NA,NA,NA,NA,NA,NA,NA,NA,NA,NA,NA,NA,NA,NA,NA,NA,NA,NA,NA,NA,NA,NA,NA,NA,NA,NA,NA,NA,NA,NA,NA,NA,NA,NA,NA,NA,NA,NA,NA,NA,NA,NA,NA,NA,NA,NA,NA,NA,NA,NA,NA,NA,NA,NA,NA,NA,NA,NA,NA,NA,NA,NA,NA,NA,NA,NA,NA,NA,NA,NA,NA,NA,NA,NA,NA,NA,NA,NA,NA,NA,NA,NA,NA,NA,NA,NA,NA,NA,NA,NA,NA,NA,NA,NA,NA,NA,NA,NA,NA,NA,NA,NA,NA,NA,NA,NA,NA,NA,NA,NA,NA,NA,NA,NA,NA,NA,NA,NA,NA,NA,NA,NA,NA,NA,NA,NA,NA,NA,NA,NA,NA,NA,NA,NA,NA,NA,NA,NA,NA,0.034281554210408,NA,NA,NA,NA,NA,NA,NA,NA,NA,NA,NA,NA,NA,NA,NA,NA
"39",700,NA,NA,NA,NA,NA,NA,NA,NA,NA,NA,NA,NA,NA,NA,NA,NA,NA,NA,NA,NA,NA,NA,NA,NA,NA,NA,NA,NA,NA,NA,NA,NA,0.0129350069085818,0.141756490634295,NA,NA,NA,NA,NA,NA,NA,NA,NA,NA,NA,NA,NA,NA,NA,NA,NA,NA,NA,NA,NA,NA,NA,NA,NA,NA,NA,NA,NA,NA,NA,NA,NA,NA,NA,NA,NA,NA,NA,NA,NA,NA,NA,NA,NA,NA,NA,NA,NA,NA,NA,NA,NA,NA,NA,NA,NA,NA,NA,NA,NA,NA,NA,NA,NA,NA,NA,NA,NA,NA,NA,NA,NA,NA,NA,NA,NA,NA,NA,NA,NA,NA,NA,NA,NA,NA,NA,NA,NA,NA,NA,NA,NA,NA,NA,NA,NA,NA,NA,NA,NA,NA,NA,NA,NA,NA,NA,NA,NA,0.200096016597186,NA,NA,NA,NA,NA,NA,NA,NA,NA,NA,NA,NA,NA,NA,NA,NA,0.00723993344567216,NA,NA,NA,NA,NA,NA,NA,NA,NA,NA,NA,NA,NA,NA,NA,NA,0.0169735191385784,NA,0.00501624768459213,0.0621393032470973,0.011172132184826,0.0618390034804833,0.0198241880182656,0.119414863731738,0.0223856667079807,0.017762789702745,0.0352123744962673,0.0607449187238066,0.0579086194543134,0.0842887800166248,0.0162516674321829,NA,NA,NA,NA,NA,NA,NA,NA,NA,NA,NA,NA,NA,0.180643894794903,0.118697014024246,0.300169011573044,0.169986626127125,NA,NA,NA,NA,NA,0.00404079846425591,NA,0.00605840730128307,NA,NA,NA,NA,NA,NA,NA,NA,NA,0.0574392407873896,NA,0.0281372656465991,NA,0.0467132544638497,NA,NA,NA,0.0688170400839421,NA,0.094037899662479,NA,0.00559011501687095,NA,NA,NA,NA,NA,NA,NA,NA,NA,NA,0.0632452604359754,NA,0.0621197566669455,NA,NA,NA,NA,NA,NA,NA,NA,NA,NA,NA,NA,NA,NA,0.042316578654564,NA,NA,NA,NA
"40",1000,NA,0.0417585843346052,0.0234144667444694,0.0572247205083084,0.0218022660215704,0.00707919561476765,NA,0.0234384502854829,0.00393906370018812,0.0182562942760728,NA,NA,NA,NA,NA,1.46942300002071,0.715173568339926,NA,NA,NA,NA,NA,NA,NA,NA,NA,NA,NA,NA,NA,NA,NA,0.0113390217370909,NA,NA,NA,0.0910506859173537,0.216645746411453,NA,1.32384264214201,6.46544530300663,NA,NA,NA,NA,NA,NA,NA,NA,NA,NA,NA,NA,NA,NA,NA,NA,NA,NA,NA,NA,NA,0.00523745640978756,0.00440869064934427,0.00332723798355862,NA,NA,NA,NA,NA,NA,NA,NA,NA,NA,NA,0.0631710739140783,NA,NA,NA,NA,NA,NA,NA,NA,NA,NA,NA,NA,NA,NA,NA,NA,NA,0.278808872258884,NA,NA,NA,NA,0.442310713634446,0.53754823914878,0.35521858787513,0.0247616006493211,NA,1.12970649535429,NA,0.0330334714040565,NA,0.0950156099310254,NA,0.0383814260793507,NA,NA,0.0239343310287045,NA,0.234637071789915,NA,NA,0.0163739667107561,0.176815888992381,NA,0.110269347111247,NA,0.0389024346911232,0.0933767119136743,0.0692973486954466,0.0367323006658813,NA,NA,0.0605800364508859,0.0854861267501983,NA,2.3832726633239,0.289028049332997,NA,0.273166484799177,NA,NA,0.0771104668081053,NA,NA,0.0525879612878016,0.0121623026266357,0.0568824675784664,0.00671236952114765,NA,0.0745721515076056,0.0941947218480356,0.0910154188780367,NA,NA,0.162315712024247,0.127091603912611,0.0475788591376475,0.0355219641509843,0.0150056706859055,1.41879269320916,0.19630153995929,0.874142085300905,0.0850762982551377,NA,NA,NA,0.379770233559943,NA,NA,0.117328144603164,0.195315368338804,0.127444048051015,NA,0.492220826126118,NA,0.00340876535716044,0.0195279623470451,0.00581848701852875,0.00107758622921278,0.00833295224226235,0.0187601158874697,NA,0.0043026308373741,0.0621552651216839,0.00866973440184921,0.0415013793216085,0.00803737768653882,0.0147685319721828,0.0101756759234974,0.0173293451405942,0.011828805448049,0.0330414991630968,0.0467775075023349,0.0146973026422802,0.00931382050659938,6.84652476869616,0.189357709374009,NA,0.0252554680208777,0.382007593332716,NA,0.0269934152462135,0.00419719055358279,0.00478798556654597,NA,0.00518657561952761,0.0560712329880883,0.0500276593814309,0.168268462947342,0.111212744599278,0.261940616613607,0.172167726161828,NA,0.0940479867424512,NA,0.00204278449926366,NA,0.00323335979888727,0.00905029176837007,NA,0.18008501681762,0.0353371323254487,0.113142636673974,0.00438683565965909,0.00852081544918852,NA,NA,NA,0.11775047414815,0.0624304813220252,0.102408185051041,0.0243378223595212,0.0349446100824007,0.0251377239227068,11.8456898893744,0.0039264320055509,0.047088663119086,0.0440742593523925,0.164194249218709,0.0339873186554453,0.0783056730780111,0.00270760904040787,0.011220484952536,0.120061099830391,0.144641904059686,0.169535897280915,0.015090981013324,0.00205484123973008,0.26216507589815,NA,0.00997997701638448,NA,0.03957530377027,0.0256511653713495,0.0576473556784278,0.252733826853435,0.463307359223348,0.0346088516001807,0.0102734377777549,0.0168072428032865,0.0260700731418087,0.0235535374552099,0.015022108576652,NA,0.0531775243142588,NA,0.222211030312274,0.0240297134028121,0.0275943932165345,0.0373912428499494,0.0356377907522282,NA,0.0120731588750377,6.35285461641934
"41",1043,NA,NA,NA,NA,NA,NA,NA,NA,NA,NA,NA,NA,NA,NA,NA,NA,NA,NA,NA,NA,NA,NA,NA,NA,NA,NA,NA,NA,NA,NA,NA,NA,NA,NA,NA,NA,NA,NA,NA,NA,NA,NA,NA,NA,NA,NA,NA,NA,NA,NA,NA,NA,NA,NA,NA,NA,NA,NA,NA,NA,NA,NA,NA,NA,NA,NA,NA,NA,NA,NA,NA,NA,NA,NA,NA,NA,NA,NA,NA,NA,NA,NA,NA,NA,NA,NA,NA,NA,NA,NA,NA,NA,NA,NA,NA,NA,NA,NA,NA,NA,NA,NA,NA,NA,NA,NA,NA,NA,NA,NA,NA,NA,NA,NA,NA,NA,NA,NA,NA,NA,NA,NA,NA,NA,NA,NA,NA,NA,NA,NA,NA,NA,NA,NA,NA,NA,NA,NA,NA,NA,NA,NA,NA,NA,NA,NA,NA,NA,NA,NA,NA,NA,NA,NA,NA,NA,NA,0.215341762521266,NA,NA,NA,NA,NA,NA,NA,NA,NA,NA,NA,NA,NA,NA,NA,NA,NA,NA,NA,NA,NA,NA,NA,NA,NA,NA,NA,NA,NA,NA,NA,NA,NA,NA,NA,NA,NA,NA,NA,NA,NA,NA,NA,NA,NA,NA,NA,NA,NA,NA,NA,NA,NA,NA,NA,NA,NA,NA,NA,NA,NA,NA,NA,NA,NA,NA,NA,NA,NA,NA,NA,NA,NA,NA,NA,NA,NA,NA,NA,NA,NA,NA,NA,NA,NA,NA,NA,NA,NA,NA,NA,NA,NA,NA,NA,NA,NA,NA,NA,NA,NA,NA,NA,NA,NA,NA,NA,NA,NA,NA,NA,NA,NA
"42",2000,NA,NA,NA,NA,NA,NA,NA,NA,NA,NA,NA,NA,NA,NA,NA,1.35936417649045,NA,NA,NA,NA,NA,NA,NA,NA,NA,NA,NA,NA,NA,NA,NA,NA,NA,NA,NA,NA,NA,NA,NA,NA,NA,NA,NA,NA,NA,NA,NA,NA,NA,NA,NA,NA,NA,NA,NA,NA,NA,NA,NA,NA,NA,NA,NA,NA,NA,NA,NA,NA,NA,NA,NA,NA,NA,NA,NA,NA,NA,NA,NA,NA,NA,NA,NA,NA,NA,NA,NA,NA,NA,NA,NA,NA,NA,NA,NA,NA,NA,NA,NA,NA,NA,NA,NA,NA,NA,NA,NA,NA,NA,NA,NA,NA,NA,NA,NA,NA,NA,NA,NA,NA,NA,NA,NA,NA,NA,NA,NA,NA,NA,NA,NA,NA,NA,NA,NA,NA,NA,NA,NA,NA,NA,NA,NA,NA,NA,NA,NA,NA,NA,NA,NA,NA,NA,NA,NA,NA,NA,NA,NA,NA,NA,NA,NA,NA,NA,NA,NA,NA,NA,NA,NA,NA,NA,NA,NA,NA,NA,NA,NA,NA,NA,NA,NA,NA,NA,NA,NA,NA,NA,NA,NA,NA,NA,NA,NA,NA,NA,NA,NA,NA,NA,NA,NA,NA,NA,NA,NA,NA,NA,NA,NA,NA,NA,NA,NA,NA,NA,NA,NA,NA,NA,NA,NA,NA,NA,NA,NA,NA,NA,NA,NA,NA,NA,NA,NA,NA,NA,NA,NA,NA,NA,NA,NA,NA,NA,NA,NA,NA,NA,NA,NA,NA,NA,NA,NA,NA,NA,NA,NA,NA,NA,NA,NA,NA,NA,NA,NA,NA,NA,NA,NA
"43",3000,NA,NA,NA,NA,NA,NA,NA,NA,NA,NA,NA,NA,NA,NA,NA,1.34401228084237,NA,NA,NA,NA,NA,NA,NA,NA,NA,NA,NA,NA,NA,NA,NA,NA,0.0103044572560266,NA,NA,NA,NA,NA,NA,NA,NA,NA,NA,NA,NA,NA,NA,NA,NA,NA,NA,NA,NA,NA,NA,NA,NA,NA,NA,NA,NA,NA,NA,NA,NA,NA,NA,NA,NA,NA,NA,NA,NA,NA,NA,NA,NA,NA,NA,NA,NA,NA,NA,NA,NA,NA,NA,NA,NA,NA,NA,NA,NA,NA,NA,NA,NA,NA,NA,NA,NA,NA,NA,NA,NA,NA,NA,NA,NA,NA,NA,NA,NA,NA,NA,NA,NA,NA,NA,NA,NA,NA,NA,0.0363382471454579,NA,NA,NA,NA,NA,NA,NA,NA,NA,NA,NA,NA,NA,NA,0.0083085397392307,NA,NA,0.0271784334665272,NA,0.0401382568005921,NA,NA,0.0199153931824773,0.0252422838727956,0.0299257111232374,NA,NA,0.0388594189308828,0.0294128754909984,0.0498816278394154,NA,0.0139876496349014,1.39993551352739,NA,0.844005529221248,0.023869412767292,NA,NA,NA,0.0194910396104128,NA,NA,0.0229288375558434,0.196479945672541,NA,NA,0.0755075148286045,NA,NA,0.0182102312258816,0.0029654143244212,NA,NA,NA,NA,NA,NA,NA,NA,NA,NA,NA,NA,NA,NA,0.00802140714253701,NA,NA,6.42861213941528,0.188379881580045,NA,0.00670251452964044,0.0508778874597427,NA,NA,NA,NA,NA,NA,0.0407586751570974,0.0484427884706579,0.0998443890086103,0.104998746844041,0.283026979326927,0.171397263559558,NA,0.0942206338665788,NA,NA,NA,0.0027542765050088,NA,NA,0.00447313040873545,0.0361329560137329,NA,NA,NA,NA,NA,NA,0.103724816676778,0.0559821824709636,0.0170265845572054,0.0226119222085114,0.0068067749381605,0.00855068253311077,0.782516225561609,NA,0.00667559730523126,0.0457094578476048,NA,0.00690669601489439,0.0100943639274538,NA,0.00966084746174777,0.00597422382185244,0.02872497703947,0.0146984627921348,0.0119836366559722,NA,0.00415962142063422,NA,0.0032522244417195,NA,0.035390469903422,0.0031519819621425,0.0546599336890329,0.00520248979422102,0.185801532412796,0.0245518250766677,0.00543923304281434,0.0137157344248323,0.0190572865074792,0.0201290291102406,0.0130102538866788,NA,0.0345342161798115,NA,0.133995582106822,0.0174431383150609,0.00613885762381985,0.0339844837060305,0.0118119209000913,NA,NA,6.02276264146658
"44",3833,NA,NA,NA,NA,NA,NA,NA,NA,NA,NA,NA,NA,NA,NA,NA,NA,NA,NA,NA,NA,NA,NA,NA,NA,NA,NA,NA,NA,NA,NA,NA,NA,NA,NA,NA,NA,NA,NA,NA,NA,NA,NA,NA,NA,NA,NA,NA,NA,NA,NA,NA,NA,NA,NA,NA,NA,NA,NA,NA,NA,NA,NA,NA,NA,NA,NA,NA,NA,NA,NA,NA,NA,NA,NA,NA,NA,NA,NA,NA,NA,NA,NA,NA,NA,NA,NA,NA,NA,NA,NA,NA,NA,NA,NA,NA,NA,NA,NA,NA,NA,NA,NA,NA,NA,NA,NA,NA,NA,NA,NA,NA,NA,NA,NA,NA,NA,NA,NA,NA,NA,NA,NA,NA,NA,NA,NA,NA,NA,NA,NA,NA,NA,NA,NA,NA,NA,NA,NA,NA,NA,NA,NA,NA,NA,NA,NA,0.00749340690002918,NA,NA,NA,NA,NA,NA,NA,NA,NA,NA,NA,NA,NA,NA,NA,NA,NA,NA,NA,NA,NA,NA,NA,NA,NA,NA,NA,NA,NA,NA,NA,NA,NA,NA,NA,NA,NA,NA,NA,NA,NA,NA,NA,NA,NA,NA,NA,NA,NA,NA,NA,NA,NA,NA,NA,NA,NA,NA,NA,NA,NA,NA,NA,NA,NA,NA,NA,NA,NA,NA,NA,NA,NA,NA,NA,NA,NA,NA,NA,NA,NA,NA,NA,NA,NA,NA,NA,NA,NA,NA,NA,NA,NA,NA,NA,NA,NA,NA,NA,NA,NA,NA,NA,NA,NA,NA,NA,NA,NA,NA,NA,NA,NA,NA,NA,NA,NA,NA,NA,NA,NA,NA,NA,NA
"45",5000,NA,NA,NA,NA,NA,NA,NA,NA,NA,NA,NA,NA,NA,NA,NA,NA,NA,NA,NA,NA,NA,NA,NA,NA,NA,NA,NA,NA,NA,NA,NA,NA,NA,NA,NA,NA,NA,NA,NA,NA,NA,NA,NA,NA,NA,NA,NA,NA,NA,NA,NA,NA,NA,NA,NA,NA,NA,NA,NA,NA,NA,NA,NA,NA,NA,NA,NA,NA,NA,NA,NA,NA,NA,NA,NA,NA,NA,NA,NA,NA,NA,NA,NA,NA,NA,NA,NA,NA,NA,NA,NA,NA,NA,NA,NA,NA,NA,NA,NA,NA,NA,NA,NA,NA,NA,NA,NA,NA,NA,NA,NA,NA,NA,NA,NA,NA,NA,NA,NA,NA,NA,NA,NA,NA,NA,NA,NA,NA,NA,NA,NA,NA,NA,NA,NA,NA,NA,NA,NA,NA,NA,NA,NA,NA,NA,NA,NA,NA,0.0190024425231297,NA,NA,NA,NA,NA,NA,NA,NA,NA,0.818329763056059,0.00309047849105238,NA,NA,NA,NA,NA,NA,0.00175965672269122,NA,NA,NA,0.0950641812041926,NA,NA,NA,NA,NA,NA,NA,NA,NA,NA,NA,NA,NA,NA,NA,NA,NA,NA,NA,NA,NA,NA,NA,NA,NA,0.0442507627636201,NA,NA,NA,NA,NA,NA,NA,NA,NA,NA,0.264251667167258,0.166609523141585,NA,NA,NA,NA,NA,NA,NA,NA,NA,NA,NA,NA,NA,NA,NA,NA,0.00401798599098799,NA,0.00274466538727102,NA,0.0015266020726851,NA,0.22540319942655,NA,NA,NA,NA,0.00881149625731543,0.00141098389758121,NA,NA,NA,NA,NA,NA,NA,NA,NA,NA,NA,0.0292976981054979,NA,NA,NA,0.00991220437064981,0.0244018240101356,NA,NA,NA,NA,NA,NA,NA,NA,NA,0.0138973709836569,0.00520308862762071,NA,NA,NA,NA,NA
"46",7000,NA,NA,NA,NA,NA,NA,NA,NA,NA,NA,NA,NA,NA,NA,NA,NA,NA,NA,NA,NA,NA,NA,NA,NA,NA,NA,NA,NA,NA,NA,NA,NA,NA,NA,NA,NA,NA,NA,NA,NA,NA,NA,NA,NA,NA,NA,NA,NA,NA,NA,NA,NA,NA,NA,NA,NA,NA,NA,NA,NA,NA,NA,NA,NA,NA,NA,NA,NA,NA,NA,NA,NA,NA,NA,NA,NA,NA,NA,NA,NA,NA,NA,NA,NA,NA,NA,NA,NA,NA,NA,NA,NA,NA,NA,NA,NA,NA,NA,NA,NA,NA,NA,NA,NA,NA,NA,NA,NA,NA,NA,NA,NA,NA,NA,NA,NA,NA,NA,NA,NA,NA,NA,NA,NA,NA,NA,NA,NA,NA,NA,NA,NA,NA,NA,NA,NA,NA,NA,NA,NA,NA,NA,NA,NA,NA,NA,NA,NA,NA,NA,NA,NA,NA,NA,NA,NA,NA,NA,NA,NA,NA,NA,NA,NA,NA,NA,NA,NA,NA,NA,NA,NA,NA,NA,NA,NA,NA,NA,NA,NA,NA,NA,NA,NA,NA,NA,NA,NA,NA,NA,NA,NA,NA,NA,NA,NA,NA,NA,NA,NA,NA,NA,NA,NA,NA,NA,NA,0.276344633058917,0.161020773479648,NA,NA,NA,NA,NA,NA,NA,NA,NA,0.0326302124697409,NA,NA,NA,NA,NA,NA,0.00241957315018702,0.0529217880215596,NA,0.0188131281527122,NA,0.005533653579144,NA,NA,NA,0.0426300619881187,NA,NA,NA,NA,NA,NA,NA,NA,0.0111700709555404,NA,NA,NA,NA,NA,0.0294439153034063,NA,0.0479571839753032,NA,NA,NA,NA,NA,NA,NA,NA,NA,NA,NA,0.121053548527847,NA,NA,NA,NA,NA,NA,NA
"47",10000,NA,NA,NA,NA,NA,NA,NA,NA,NA,NA,NA,NA,NA,NA,NA,NA,NA,NA,NA,NA,NA,NA,NA,NA,NA,NA,NA,NA,NA,NA,NA,NA,NA,NA,NA,NA,NA,NA,NA,NA,NA,NA,NA,NA,NA,NA,NA,NA,NA,NA,NA,NA,NA,NA,NA,NA,NA,NA,NA,NA,NA,NA,NA,NA,NA,NA,NA,NA,NA,NA,NA,NA,NA,NA,NA,NA,NA,NA,NA,NA,NA,NA,NA,NA,NA,NA,NA,NA,NA,NA,NA,NA,NA,NA,NA,NA,NA,NA,NA,NA,NA,NA,NA,NA,NA,NA,NA,NA,NA,NA,NA,NA,NA,NA,NA,NA,NA,NA,NA,NA,NA,NA,NA,NA,NA,NA,NA,NA,NA,NA,NA,NA,NA,NA,NA,NA,NA,NA,NA,NA,NA,NA,NA,NA,NA,NA,NA,NA,NA,NA,NA,NA,NA,NA,NA,NA,NA,NA,NA,NA,NA,NA,NA,NA,NA,NA,NA,0.190410035280038,0.122471227304848,5.49160497113493,NA,NA,NA,NA,NA,NA,NA,NA,NA,NA,NA,NA,NA,NA,NA,NA,NA,NA,NA,NA,NA,NA,NA,NA,NA,NA,NA,NA,NA,NA,NA,NA,NA,0.0142044389064903,NA,0.011515213937538,0.0999055066167503,0.250674500491746,0.129865460626665,NA,0.0963824400568745,NA,NA,NA,NA,NA,NA,NA,0.0373631542887917,NA,NA,NA,NA,NA,NA,NA,0.0501440332357825,NA,0.0177946936080758,NA,NA,NA,NA,NA,0.0359926869199263,NA,NA,NA,NA,0.00816525394130693,NA,NA,NA,0.00673764755144093,NA,NA,NA,NA,NA,-0.00900215692838205,NA,0.0434918765469169,NA,NA,0.0175940751175893,NA,0.0120146331331733,0.0222389864634773,0.0175001384123334,NA,NA,0.0238129229996068,NA,0.113682174242869,0.0117621604834755,NA,NA,NA,NA,NA,NA
"48",13000,NA,NA,NA,NA,NA,NA,NA,NA,NA,NA,NA,NA,NA,NA,NA,NA,NA,NA,NA,NA,NA,NA,NA,NA,NA,NA,NA,NA,NA,NA,NA,NA,NA,NA,NA,NA,NA,NA,NA,NA,NA,NA,NA,NA,NA,NA,NA,NA,NA,NA,NA,NA,NA,NA,NA,NA,NA,NA,NA,NA,NA,NA,NA,NA,NA,NA,NA,NA,NA,NA,NA,NA,NA,NA,NA,NA,NA,NA,NA,NA,NA,NA,NA,NA,NA,NA,NA,NA,NA,NA,NA,NA,NA,NA,NA,NA,NA,NA,NA,NA,NA,NA,NA,NA,NA,NA,NA,NA,NA,NA,NA,NA,NA,NA,NA,NA,NA,NA,NA,NA,NA,NA,NA,NA,NA,NA,NA,NA,NA,NA,NA,NA,NA,NA,NA,NA,NA,NA,NA,NA,NA,NA,NA,NA,NA,NA,NA,NA,NA,NA,NA,NA,NA,NA,NA,NA,NA,NA,NA,NA,NA,NA,NA,NA,NA,NA,NA,NA,NA,NA,NA,NA,NA,NA,NA,NA,NA,NA,NA,NA,NA,NA,NA,NA,NA,NA,NA,NA,NA,NA,NA,NA,NA,NA,NA,NA,NA,NA,NA,NA,NA,NA,NA,NA,NA,NA,NA,0.203204950344528,NA,NA,NA,NA,NA,NA,NA,NA,NA,NA,NA,NA,NA,NA,NA,NA,NA,NA,NA,NA,NA,NA,NA,NA,NA,NA,NA,NA,NA,NA,NA,NA,NA,0.022093205579597,NA,NA,NA,NA,NA,NA,NA,0.0250468988209477,NA,NA,NA,NA,NA,NA,NA,NA,NA,NA,NA,NA,NA,NA,NA,NA,NA,NA,NA,NA,NA
"49",15000,NA,NA,NA,NA,NA,NA,NA,NA,NA,NA,NA,NA,NA,NA,NA,NA,NA,NA,NA,NA,NA,NA,NA,NA,NA,NA,NA,NA,NA,NA,NA,NA,NA,NA,NA,NA,NA,NA,NA,NA,NA,NA,NA,NA,NA,NA,NA,NA,NA,NA,NA,NA,NA,NA,NA,NA,NA,NA,NA,NA,NA,NA,NA,NA,NA,NA,NA,NA,NA,NA,NA,NA,NA,NA,NA,NA,NA,NA,NA,NA,NA,NA,NA,NA,NA,NA,NA,NA,NA,NA,NA,NA,NA,NA,NA,NA,NA,NA,NA,NA,NA,NA,NA,NA,NA,NA,NA,NA,NA,NA,NA,NA,NA,NA,NA,NA,NA,NA,NA,NA,NA,NA,NA,NA,NA,NA,NA,NA,NA,NA,NA,NA,NA,NA,NA,NA,NA,NA,NA,NA,NA,NA,NA,NA,NA,NA,NA,NA,NA,NA,NA,NA,NA,NA,NA,NA,NA,NA,NA,NA,NA,NA,NA,NA,NA,NA,NA,NA,NA,NA,NA,NA,NA,NA,NA,NA,NA,NA,NA,NA,NA,NA,NA,NA,NA,NA,NA,NA,NA,NA,NA,NA,NA,NA,NA,NA,NA,NA,NA,NA,NA,NA,NA,NA,NA,NA,NA,0.160062227444095,NA,NA,NA,NA,NA,NA,NA,NA,NA,NA,NA,NA,NA,NA,NA,NA,NA,NA,NA,NA,NA,NA,NA,NA,NA,NA,NA,NA,NA,NA,NA,NA,NA,NA,NA,NA,NA,NA,NA,NA,NA,NA,NA,0.0360344472860837,NA,NA,NA,NA,NA,NA,NA,NA,NA,NA,NA,NA,0.0112480633610511,NA,NA,NA,NA,NA,NA
"50",16000,NA,NA,NA,NA,NA,NA,NA,NA,NA,NA,NA,NA,NA,NA,NA,NA,NA,NA,NA,NA,NA,NA,NA,NA,NA,NA,NA,NA,NA,NA,NA,NA,NA,NA,NA,NA,NA,NA,NA,NA,NA,NA,NA,NA,NA,NA,NA,NA,NA,NA,NA,NA,NA,NA,NA,NA,NA,NA,NA,NA,NA,NA,NA,NA,NA,NA,NA,NA,NA,NA,NA,NA,NA,NA,NA,NA,NA,NA,NA,NA,NA,NA,NA,NA,NA,NA,NA,NA,NA,NA,NA,NA,NA,NA,NA,NA,NA,NA,NA,NA,NA,NA,NA,NA,NA,NA,NA,NA,NA,NA,NA,NA,NA,NA,NA,NA,NA,NA,NA,NA,NA,NA,NA,NA,NA,NA,NA,NA,NA,NA,NA,NA,NA,NA,NA,NA,NA,NA,NA,NA,NA,NA,NA,NA,NA,NA,NA,NA,NA,NA,NA,NA,NA,NA,NA,NA,NA,NA,NA,NA,NA,NA,NA,NA,NA,NA,NA,NA,NA,NA,NA,NA,NA,NA,NA,NA,NA,NA,NA,NA,NA,NA,NA,NA,NA,NA,NA,NA,NA,NA,NA,NA,NA,NA,NA,NA,NA,NA,NA,NA,NA,NA,NA,NA,NA,NA,NA,NA,NA,NA,NA,NA,NA,NA,NA,NA,NA,NA,NA,NA,NA,NA,NA,NA,NA,NA,NA,NA,NA,NA,NA,NA,NA,NA,NA,NA,NA,NA,NA,NA,NA,NA,NA,NA,NA,NA,NA,NA,NA,0.0252295320207424,NA,NA,NA,NA,NA,NA,NA,NA,NA,NA,NA,NA,NA,NA,NA,NA,NA,NA,NA,NA,NA
"51",17000,NA,NA,NA,NA,NA,NA,NA,NA,NA,NA,NA,NA,NA,NA,NA,NA,NA,NA,NA,NA,NA,NA,NA,NA,NA,NA,NA,NA,NA,NA,NA,NA,NA,NA,NA,NA,NA,NA,NA,NA,NA,NA,NA,NA,NA,NA,NA,NA,NA,NA,NA,NA,NA,NA,NA,NA,NA,NA,NA,NA,NA,NA,NA,NA,NA,NA,NA,NA,NA,NA,NA,NA,NA,NA,NA,NA,NA,NA,NA,NA,NA,NA,NA,NA,NA,NA,NA,NA,NA,NA,NA,NA,NA,NA,NA,NA,NA,NA,NA,NA,NA,NA,NA,NA,NA,NA,NA,NA,NA,NA,NA,NA,NA,NA,NA,NA,NA,NA,NA,NA,NA,NA,NA,NA,NA,NA,NA,NA,NA,NA,NA,NA,NA,NA,NA,NA,NA,NA,NA,NA,NA,NA,NA,NA,NA,NA,NA,NA,NA,NA,NA,NA,NA,NA,NA,NA,NA,NA,NA,NA,NA,NA,NA,NA,NA,NA,NA,NA,NA,NA,NA,NA,NA,NA,NA,NA,NA,NA,NA,NA,NA,NA,NA,NA,NA,NA,NA,NA,NA,NA,NA,NA,NA,NA,NA,NA,NA,NA,NA,NA,NA,NA,NA,NA,NA,NA,NA,0.144407759024943,NA,NA,NA,NA,NA,NA,NA,NA,NA,NA,NA,NA,NA,NA,NA,NA,NA,NA,NA,NA,NA,NA,NA,NA,NA,NA,NA,NA,NA,NA,NA,NA,NA,NA,NA,NA,NA,NA,NA,NA,NA,NA,NA,NA,NA,NA,NA,NA,NA,NA,NA,NA,NA,NA,NA,NA,NA,NA,NA,NA,NA,NA,NA
"52",20000,NA,NA,NA,NA,NA,NA,NA,NA,NA,NA,NA,NA,NA,NA,NA,NA,NA,NA,NA,NA,NA,NA,NA,NA,NA,NA,NA,NA,NA,NA,NA,NA,NA,NA,NA,NA,NA,NA,NA,NA,NA,NA,NA,NA,NA,NA,NA,NA,NA,NA,NA,NA,NA,NA,NA,NA,NA,NA,NA,NA,NA,NA,NA,NA,NA,NA,NA,NA,NA,NA,NA,NA,NA,NA,NA,NA,NA,NA,NA,NA,NA,NA,NA,NA,NA,NA,NA,NA,NA,NA,NA,NA,NA,NA,NA,NA,NA,NA,NA,NA,NA,NA,NA,NA,NA,NA,NA,NA,NA,NA,NA,NA,NA,NA,NA,NA,NA,NA,NA,NA,NA,NA,NA,NA,NA,NA,NA,NA,NA,NA,NA,NA,NA,NA,NA,NA,NA,NA,NA,NA,NA,NA,NA,NA,NA,NA,NA,NA,NA,NA,NA,NA,NA,NA,NA,NA,NA,NA,NA,NA,NA,NA,NA,NA,NA,NA,NA,NA,NA,NA,NA,NA,NA,NA,NA,NA,NA,NA,NA,NA,NA,NA,NA,NA,NA,NA,NA,NA,NA,NA,NA,NA,NA,NA,NA,NA,NA,NA,NA,NA,NA,NA,NA,0.0114917616806036,NA,NA,NA,0.0927894881080106,0.117608167213424,NA,NA,NA,NA,NA,NA,NA,NA,NA,0.0278639738865562,NA,NA,NA,NA,NA,NA,NA,0.0307288372556831,NA,0.0136291794143933,NA,NA,NA,NA,NA,0.032775046079464,NA,NA,NA,NA,0.00666295538812845,NA,NA,NA,NA,NA,NA,NA,NA,NA,0.0217643531612713,NA,0.0306768558912955,NA,NA,0.0102364021681714,NA,NA,NA,0.0112315716266704,NA,NA,NA,NA,0.108397831932242,NA,NA,NA,NA,NA,NA,NA
"53",23000,NA,NA,NA,NA,NA,NA,NA,NA,NA,NA,NA,NA,NA,NA,NA,NA,NA,NA,NA,NA,NA,NA,NA,NA,NA,NA,NA,NA,NA,NA,NA,NA,NA,NA,NA,NA,NA,NA,NA,NA,NA,NA,NA,NA,NA,NA,NA,NA,NA,NA,NA,NA,NA,NA,NA,NA,NA,NA,NA,NA,NA,NA,NA,NA,NA,NA,NA,NA,NA,NA,NA,NA,NA,NA,NA,NA,NA,NA,NA,NA,NA,NA,NA,NA,NA,NA,NA,NA,NA,NA,NA,NA,NA,NA,NA,NA,NA,NA,NA,NA,NA,NA,NA,NA,NA,NA,NA,NA,NA,NA,NA,NA,NA,NA,NA,NA,NA,NA,NA,NA,NA,NA,NA,NA,NA,NA,NA,NA,NA,NA,NA,NA,NA,NA,NA,NA,NA,NA,NA,NA,NA,NA,NA,NA,NA,NA,NA,NA,NA,NA,NA,NA,NA,NA,NA,NA,NA,NA,NA,NA,NA,NA,NA,NA,NA,NA,NA,NA,NA,NA,NA,NA,NA,NA,NA,NA,NA,NA,NA,NA,NA,NA,NA,NA,NA,NA,NA,NA,NA,NA,NA,NA,NA,NA,NA,NA,NA,NA,NA,NA,NA,NA,NA,NA,NA,NA,NA,0.0433296024406496,NA,NA,NA,NA,NA,NA,NA,NA,NA,NA,NA,NA,NA,NA,NA,NA,NA,NA,NA,NA,NA,NA,NA,NA,NA,NA,NA,NA,NA,NA,NA,NA,NA,0.0198823885839075,NA,NA,NA,NA,NA,NA,NA,NA,NA,NA,NA,NA,NA,NA,NA,NA,NA,NA,NA,NA,NA,NA,NA,NA,NA,NA,NA,NA,NA
"54",25000,NA,NA,NA,NA,NA,NA,NA,NA,NA,NA,NA,NA,NA,NA,NA,NA,NA,NA,NA,NA,NA,NA,NA,NA,NA,NA,NA,NA,NA,NA,NA,NA,NA,NA,NA,NA,NA,NA,NA,NA,NA,NA,NA,NA,NA,NA,NA,NA,NA,NA,NA,NA,NA,NA,NA,NA,NA,NA,NA,NA,NA,NA,NA,NA,NA,NA,NA,NA,NA,NA,NA,NA,NA,NA,NA,NA,NA,NA,NA,NA,NA,NA,NA,NA,NA,NA,NA,NA,NA,NA,NA,NA,NA,NA,NA,NA,NA,NA,NA,NA,NA,NA,NA,NA,NA,NA,NA,NA,NA,NA,NA,NA,NA,NA,NA,NA,NA,NA,NA,NA,NA,NA,NA,NA,NA,NA,NA,NA,NA,NA,NA,NA,NA,NA,NA,NA,NA,NA,NA,NA,NA,NA,NA,NA,NA,NA,NA,NA,NA,NA,NA,NA,NA,NA,NA,NA,NA,NA,NA,NA,NA,NA,NA,NA,NA,NA,NA,NA,NA,NA,NA,NA,NA,NA,NA,NA,NA,NA,NA,NA,NA,NA,NA,NA,NA,NA,NA,NA,NA,NA,NA,NA,NA,NA,NA,NA,NA,NA,NA,NA,NA,NA,NA,NA,NA,NA,NA,0.0363898891705382,NA,NA,NA,NA,NA,NA,NA,NA,NA,NA,NA,NA,NA,NA,NA,NA,NA,NA,NA,NA,NA,NA,NA,NA,NA,NA,NA,NA,NA,NA,NA,NA,NA,NA,NA,NA,NA,NA,NA,NA,NA,0.022836303099042,NA,0.0289435727006922,NA,NA,NA,NA,NA,NA,NA,NA,NA,NA,NA,NA,NA,NA,NA,NA,NA,NA,NA
"55",27000,NA,NA,NA,NA,NA,NA,NA,NA,NA,NA,NA,NA,NA,NA,NA,NA,NA,NA,NA,NA,NA,NA,NA,NA,NA,NA,NA,NA,NA,NA,NA,NA,NA,NA,NA,NA,NA,NA,NA,NA,NA,NA,NA,NA,NA,NA,NA,NA,NA,NA,NA,NA,NA,NA,NA,NA,NA,NA,NA,NA,NA,NA,NA,NA,NA,NA,NA,NA,NA,NA,NA,NA,NA,NA,NA,NA,NA,NA,NA,NA,NA,NA,NA,NA,NA,NA,NA,NA,NA,NA,NA,NA,NA,NA,NA,NA,NA,NA,NA,NA,NA,NA,NA,NA,NA,NA,NA,NA,NA,NA,NA,NA,NA,NA,NA,NA,NA,NA,NA,NA,NA,NA,NA,NA,NA,NA,NA,NA,NA,NA,NA,NA,NA,NA,NA,NA,NA,NA,NA,NA,NA,NA,NA,NA,NA,NA,NA,NA,NA,NA,NA,NA,NA,NA,NA,NA,NA,NA,NA,NA,NA,NA,NA,NA,NA,NA,NA,NA,NA,NA,NA,NA,NA,NA,NA,NA,NA,NA,NA,NA,NA,NA,NA,NA,NA,NA,NA,NA,NA,NA,NA,NA,NA,NA,NA,NA,NA,NA,NA,NA,NA,NA,NA,NA,NA,NA,NA,0.0363344760503407,NA,NA,NA,NA,NA,NA,NA,NA,NA,NA,NA,NA,NA,NA,NA,NA,NA,NA,NA,NA,NA,NA,NA,NA,NA,NA,NA,NA,NA,NA,NA,NA,NA,NA,NA,NA,NA,NA,NA,NA,NA,NA,NA,NA,NA,NA,NA,NA,NA,NA,NA,NA,NA,NA,NA,NA,NA,NA,NA,NA,NA,NA,NA
"56",30000,NA,NA,NA,NA,NA,NA,NA,NA,NA,NA,NA,NA,NA,NA,NA,NA,NA,NA,NA,NA,NA,NA,NA,NA,NA,NA,NA,NA,NA,NA,NA,NA,NA,NA,NA,NA,NA,NA,NA,NA,NA,NA,NA,NA,NA,NA,NA,NA,NA,NA,NA,NA,NA,NA,NA,NA,NA,NA,NA,NA,NA,NA,NA,NA,NA,NA,NA,NA,NA,NA,NA,NA,NA,NA,NA,NA,NA,NA,NA,NA,NA,NA,NA,NA,NA,NA,NA,NA,NA,NA,NA,NA,NA,NA,NA,NA,NA,NA,NA,NA,NA,NA,NA,NA,NA,NA,NA,NA,NA,NA,NA,NA,NA,NA,NA,NA,NA,NA,NA,NA,NA,NA,NA,NA,NA,NA,NA,NA,NA,NA,NA,NA,NA,NA,NA,NA,NA,NA,NA,NA,NA,NA,NA,NA,NA,NA,NA,NA,NA,NA,NA,NA,NA,NA,NA,NA,NA,NA,NA,NA,NA,NA,NA,NA,NA,NA,NA,0.188223002074531,NA,2.68392792778732,NA,NA,NA,NA,NA,NA,NA,NA,NA,NA,NA,NA,NA,NA,NA,NA,NA,NA,NA,NA,NA,NA,NA,NA,NA,NA,NA,NA,NA,NA,NA,NA,NA,0.00941050406067006,NA,0.00487402492781737,0.0657398026942198,0.0328891104396156,0.118663471388076,NA,0.0551600823440266,NA,NA,NA,NA,NA,NA,NA,NA,NA,NA,NA,NA,NA,NA,NA,0.0273396625792302,NA,NA,NA,NA,NA,NA,NA,0.0277326109385305,NA,NA,NA,NA,NA,NA,NA,NA,NA,NA,NA,NA,NA,NA,0.0209275888101464,NA,0.0286531809380775,NA,NA,NA,NA,NA,0.0201479904979103,0.00899140643096625,NA,NA,0.0167711689404229,NA,0.101472118615996,NA,NA,NA,NA,NA,NA,NA
"57",35000,NA,NA,NA,NA,NA,NA,NA,NA,NA,NA,NA,NA,NA,NA,NA,NA,NA,NA,NA,NA,NA,NA,NA,NA,NA,NA,NA,NA,NA,NA,NA,NA,NA,NA,NA,NA,NA,NA,NA,NA,NA,NA,NA,NA,NA,NA,NA,NA,NA,NA,NA,NA,NA,NA,NA,NA,NA,NA,NA,NA,NA,NA,NA,NA,NA,NA,NA,NA,NA,NA,NA,NA,NA,NA,NA,NA,NA,NA,NA,NA,NA,NA,NA,NA,NA,NA,NA,NA,NA,NA,NA,NA,NA,NA,NA,NA,NA,NA,NA,NA,NA,NA,NA,NA,NA,NA,NA,NA,NA,NA,NA,NA,NA,NA,NA,NA,NA,NA,NA,NA,NA,NA,NA,NA,NA,NA,NA,NA,NA,NA,NA,NA,NA,NA,NA,NA,NA,NA,NA,NA,NA,NA,NA,NA,NA,NA,NA,NA,NA,NA,NA,NA,NA,NA,NA,NA,NA,NA,NA,NA,NA,NA,NA,NA,NA,NA,NA,NA,NA,NA,NA,NA,NA,NA,NA,NA,NA,NA,NA,NA,NA,NA,NA,NA,NA,NA,NA,NA,NA,NA,NA,NA,NA,NA,NA,NA,NA,NA,NA,NA,NA,NA,NA,NA,NA,NA,NA,0.0315312048307371,NA,NA,NA,NA,NA,NA,NA,NA,NA,NA,NA,NA,NA,NA,NA,NA,NA,NA,NA,NA,NA,NA,NA,NA,NA,NA,NA,NA,NA,NA,NA,NA,NA,NA,NA,NA,NA,NA,NA,NA,NA,NA,NA,0.0236659207570711,NA,NA,NA,NA,NA,NA,NA,NA,NA,NA,NA,NA,NA,NA,NA,NA,NA,NA,NA
"58",40000,NA,NA,NA,NA,NA,NA,NA,NA,NA,NA,NA,NA,NA,NA,NA,NA,NA,NA,NA,NA,NA,NA,NA,NA,NA,NA,NA,NA,NA,NA,NA,NA,NA,NA,NA,NA,NA,NA,NA,NA,NA,NA,NA,NA,NA,NA,NA,NA,NA,NA,NA,NA,NA,NA,NA,NA,NA,NA,NA,NA,NA,NA,NA,NA,NA,NA,NA,NA,NA,NA,NA,NA,NA,NA,NA,NA,NA,NA,NA,NA,NA,NA,NA,NA,NA,NA,NA,NA,NA,NA,NA,NA,NA,NA,NA,NA,NA,NA,NA,NA,NA,NA,NA,NA,NA,NA,NA,NA,NA,NA,NA,NA,NA,NA,NA,NA,NA,NA,NA,NA,NA,NA,NA,NA,NA,NA,NA,NA,NA,NA,NA,NA,NA,NA,NA,NA,NA,NA,NA,NA,NA,NA,NA,NA,NA,NA,NA,NA,NA,NA,NA,NA,NA,NA,NA,NA,NA,NA,NA,NA,NA,NA,NA,NA,NA,NA,NA,NA,NA,NA,NA,NA,NA,NA,NA,NA,NA,NA,NA,NA,NA,NA,NA,NA,NA,NA,NA,NA,NA,NA,NA,NA,NA,NA,NA,NA,NA,NA,NA,NA,NA,NA,NA,NA,NA,NA,NA,0.0267199054791645,0.0830202774477184,NA,NA,NA,NA,NA,NA,NA,NA,NA,0.0181211309448977,NA,NA,NA,NA,NA,NA,NA,0.014763756033832,NA,0.00767463228739016,NA,NA,NA,NA,NA,0.0256943299816284,NA,NA,NA,NA,NA,NA,0.0270348358608837,NA,NA,NA,NA,NA,NA,NA,NA,NA,0.0227760350136964,NA,NA,NA,NA,NA,NA,NA,NA,NA,0.012073174740489,NA,0.0923665752576992,NA,NA,NA,NA,NA,NA,NA
"59",43333,NA,NA,NA,NA,NA,NA,NA,NA,NA,NA,NA,NA,NA,NA,NA,NA,NA,NA,NA,NA,NA,NA,NA,NA,NA,NA,NA,NA,NA,NA,NA,NA,NA,NA,NA,NA,NA,NA,NA,NA,NA,NA,NA,NA,NA,NA,NA,NA,NA,NA,NA,NA,NA,NA,NA,NA,NA,NA,NA,NA,NA,NA,NA,NA,NA,NA,NA,NA,NA,NA,NA,NA,NA,NA,NA,NA,NA,NA,NA,NA,NA,NA,NA,NA,NA,NA,NA,NA,NA,NA,NA,NA,NA,NA,NA,NA,NA,NA,NA,NA,NA,NA,NA,NA,NA,NA,NA,NA,NA,NA,NA,NA,NA,NA,NA,NA,NA,NA,NA,NA,NA,NA,NA,NA,NA,NA,NA,NA,NA,NA,NA,NA,NA,NA,NA,NA,NA,NA,NA,NA,NA,NA,NA,NA,NA,NA,NA,NA,NA,NA,NA,NA,NA,NA,NA,NA,NA,NA,NA,NA,NA,NA,NA,NA,NA,NA,NA,NA,NA,NA,NA,NA,NA,NA,NA,NA,NA,NA,NA,NA,NA,NA,NA,NA,NA,NA,NA,NA,NA,NA,NA,NA,NA,NA,NA,NA,NA,NA,NA,NA,NA,NA,NA,NA,NA,NA,NA,NA,NA,NA,NA,NA,NA,NA,NA,NA,NA,NA,NA,NA,NA,NA,NA,NA,NA,NA,NA,NA,NA,NA,NA,NA,NA,NA,NA,NA,NA,NA,NA,0.00430696094359163,NA,NA,NA,NA,NA,NA,NA,NA,NA,NA,NA,NA,NA,NA,NA,NA,NA,NA,NA,NA,NA,NA,NA,NA,NA,NA,NA,NA,NA,NA,NA
"60",45000,NA,NA,NA,NA,NA,NA,NA,NA,NA,NA,NA,NA,NA,NA,NA,NA,NA,NA,NA,NA,NA,NA,NA,NA,NA,NA,NA,NA,NA,NA,NA,NA,NA,NA,NA,NA,NA,NA,NA,NA,NA,NA,NA,NA,NA,NA,NA,NA,NA,NA,NA,NA,NA,NA,NA,NA,NA,NA,NA,NA,NA,NA,NA,NA,NA,NA,NA,NA,NA,NA,NA,NA,NA,NA,NA,NA,NA,NA,NA,NA,NA,NA,NA,NA,NA,NA,NA,NA,NA,NA,NA,NA,NA,NA,NA,NA,NA,NA,NA,NA,NA,NA,NA,NA,NA,NA,NA,NA,NA,NA,NA,NA,NA,NA,NA,NA,NA,NA,NA,NA,NA,NA,NA,NA,NA,NA,NA,NA,NA,NA,NA,NA,NA,NA,NA,NA,NA,NA,NA,NA,NA,NA,NA,NA,NA,NA,NA,NA,NA,NA,NA,NA,NA,NA,NA,NA,NA,NA,NA,NA,NA,NA,NA,NA,NA,NA,NA,NA,NA,NA,NA,NA,NA,NA,NA,NA,NA,NA,NA,NA,NA,NA,NA,NA,NA,NA,NA,NA,NA,NA,NA,NA,NA,NA,NA,NA,NA,NA,NA,NA,NA,NA,NA,NA,NA,NA,NA,NA,NA,NA,NA,NA,NA,NA,NA,NA,NA,NA,NA,NA,NA,NA,NA,NA,NA,NA,NA,NA,NA,NA,NA,NA,NA,NA,NA,NA,NA,NA,NA,NA,NA,NA,NA,NA,NA,NA,NA,NA,NA,NA,NA,0.017341527875649,NA,NA,NA,NA,NA,NA,NA,NA,NA,NA,NA,NA,NA,NA,NA,NA,NA,NA,NA
"61",50000,NA,NA,NA,NA,NA,NA,NA,NA,NA,NA,NA,NA,NA,NA,NA,NA,NA,NA,NA,NA,NA,NA,NA,NA,NA,NA,NA,NA,NA,NA,NA,NA,NA,NA,NA,NA,NA,NA,NA,NA,NA,NA,NA,NA,NA,NA,NA,NA,NA,NA,NA,NA,NA,NA,NA,NA,NA,NA,NA,NA,NA,NA,NA,NA,NA,NA,NA,NA,NA,NA,NA,NA,NA,NA,NA,NA,NA,NA,NA,NA,NA,NA,NA,NA,NA,NA,NA,NA,NA,NA,NA,NA,NA,NA,NA,NA,NA,NA,NA,NA,NA,NA,NA,NA,NA,NA,NA,NA,NA,NA,NA,NA,NA,NA,NA,NA,NA,NA,NA,NA,NA,NA,NA,NA,NA,NA,NA,NA,NA,NA,NA,NA,NA,NA,NA,NA,NA,NA,NA,NA,NA,NA,NA,NA,NA,NA,NA,NA,NA,NA,NA,NA,NA,NA,NA,NA,NA,NA,NA,NA,NA,NA,NA,NA,NA,NA,NA,NA,NA,NA,NA,NA,NA,NA,NA,NA,NA,NA,NA,NA,NA,NA,NA,NA,NA,NA,NA,NA,NA,NA,NA,NA,NA,NA,NA,NA,NA,NA,NA,NA,NA,NA,NA,NA,NA,NA,NA,0.0240370980156595,0.064049151440524,NA,NA,NA,NA,NA,NA,NA,NA,NA,NA,NA,NA,NA,NA,NA,NA,NA,0.00446251330082626,NA,NA,NA,NA,NA,NA,NA,0.0205050697038559,NA,NA,NA,NA,NA,NA,NA,NA,NA,NA,NA,NA,NA,NA,NA,NA,NA,NA,NA,NA,NA,NA,NA,NA,NA,NA,0.00792120312302167,NA,0.0819049690066723,NA,NA,NA,NA,NA,NA,NA
"62",55000,NA,NA,NA,NA,NA,NA,NA,NA,NA,NA,NA,NA,NA,NA,NA,NA,NA,NA,NA,NA,NA,NA,NA,NA,NA,NA,NA,NA,NA,NA,NA,NA,NA,NA,NA,NA,NA,NA,NA,NA,NA,NA,NA,NA,NA,NA,NA,NA,NA,NA,NA,NA,NA,NA,NA,NA,NA,NA,NA,NA,NA,NA,NA,NA,NA,NA,NA,NA,NA,NA,NA,NA,NA,NA,NA,NA,NA,NA,NA,NA,NA,NA,NA,NA,NA,NA,NA,NA,NA,NA,NA,NA,NA,NA,NA,NA,NA,NA,NA,NA,NA,NA,NA,NA,NA,NA,NA,NA,NA,NA,NA,NA,NA,NA,NA,NA,NA,NA,NA,NA,NA,NA,NA,NA,NA,NA,NA,NA,NA,NA,NA,NA,NA,NA,NA,NA,NA,NA,NA,NA,NA,NA,NA,NA,NA,NA,NA,NA,NA,NA,NA,NA,NA,NA,NA,NA,NA,NA,NA,NA,NA,NA,NA,NA,NA,NA,NA,NA,NA,NA,NA,NA,NA,NA,NA,NA,NA,NA,NA,NA,NA,NA,NA,NA,NA,NA,NA,NA,NA,NA,NA,NA,NA,NA,NA,NA,NA,NA,NA,NA,NA,NA,NA,NA,NA,NA,NA,NA,NA,NA,NA,NA,NA,NA,NA,NA,NA,NA,NA,NA,NA,NA,NA,NA,NA,NA,NA,NA,NA,NA,NA,NA,NA,NA,NA,NA,NA,NA,NA,NA,NA,NA,NA,NA,NA,NA,NA,NA,NA,NA,NA,0.015204797286519,NA,NA,NA,NA,NA,NA,NA,NA,NA,NA,NA,NA,NA,NA,NA,NA,NA,NA,NA
"63",60000,NA,NA,NA,NA,NA,NA,NA,NA,NA,NA,NA,NA,NA,NA,NA,NA,NA,NA,NA,NA,NA,NA,NA,NA,NA,NA,NA,NA,NA,NA,NA,NA,NA,NA,NA,NA,NA,NA,NA,NA,NA,NA,NA,NA,NA,NA,NA,NA,NA,NA,NA,NA,NA,NA,NA,NA,NA,NA,NA,NA,NA,NA,NA,NA,NA,NA,NA,NA,NA,NA,NA,NA,NA,NA,NA,NA,NA,NA,NA,NA,NA,NA,NA,NA,NA,NA,NA,NA,NA,NA,NA,NA,NA,NA,NA,NA,NA,NA,NA,NA,NA,NA,NA,NA,NA,NA,NA,NA,NA,NA,NA,NA,NA,NA,NA,NA,NA,NA,NA,NA,NA,NA,NA,NA,NA,NA,NA,NA,NA,NA,NA,NA,NA,NA,NA,NA,NA,NA,NA,NA,NA,NA,NA,NA,NA,NA,NA,NA,NA,NA,NA,NA,NA,NA,NA,NA,NA,NA,NA,NA,NA,NA,NA,NA,NA,NA,NA,NA,NA,NA,NA,NA,NA,NA,NA,NA,NA,NA,NA,NA,NA,NA,NA,NA,NA,NA,NA,NA,NA,NA,NA,NA,NA,NA,NA,NA,NA,NA,NA,NA,NA,NA,NA,NA,NA,NA,NA,0.0169574184155359,0.0423009415305262,NA,NA,NA,NA,NA,NA,NA,NA,NA,0.00786105785555748,NA,NA,NA,NA,NA,NA,NA,0.00390233049546375,NA,0.00362984614134012,NA,NA,NA,NA,NA,-0.00607443281233577,NA,NA,NA,NA,NA,NA,0.0279473658502748,NA,NA,NA,NA,NA,NA,NA,NA,NA,NA,NA,NA,NA,NA,NA,NA,NA,NA,NA,NA,NA,0.0686458693436535,NA,NA,NA,NA,NA,NA,NA
"64",65000,NA,NA,NA,NA,NA,NA,NA,NA,NA,NA,NA,NA,NA,NA,NA,NA,NA,NA,NA,NA,NA,NA,NA,NA,NA,NA,NA,NA,NA,NA,NA,NA,NA,NA,NA,NA,NA,NA,NA,NA,NA,NA,NA,NA,NA,NA,NA,NA,NA,NA,NA,NA,NA,NA,NA,NA,NA,NA,NA,NA,NA,NA,NA,NA,NA,NA,NA,NA,NA,NA,NA,NA,NA,NA,NA,NA,NA,NA,NA,NA,NA,NA,NA,NA,NA,NA,NA,NA,NA,NA,NA,NA,NA,NA,NA,NA,NA,NA,NA,NA,NA,NA,NA,NA,NA,NA,NA,NA,NA,NA,NA,NA,NA,NA,NA,NA,NA,NA,NA,NA,NA,NA,NA,NA,NA,NA,NA,NA,NA,NA,NA,NA,NA,NA,NA,NA,NA,NA,NA,NA,NA,NA,NA,NA,NA,NA,NA,NA,NA,NA,NA,NA,NA,NA,NA,NA,NA,NA,NA,NA,NA,NA,NA,NA,NA,NA,NA,NA,NA,NA,NA,NA,NA,NA,NA,NA,NA,NA,NA,NA,NA,NA,NA,NA,NA,NA,NA,NA,NA,NA,NA,NA,NA,NA,NA,NA,NA,NA,NA,NA,NA,NA,NA,NA,NA,NA,NA,NA,NA,NA,NA,NA,NA,NA,NA,NA,NA,NA,NA,NA,NA,NA,NA,NA,NA,NA,NA,NA,NA,NA,NA,NA,NA,NA,NA,NA,NA,NA,NA,NA,NA,NA,NA,NA,NA,NA,NA,NA,NA,NA,NA,0.00916468412818146,NA,NA,NA,NA,NA,NA,NA,NA,NA,NA,NA,NA,NA,NA,NA,NA,NA,NA,NA
"65",70000,NA,NA,NA,NA,NA,NA,NA,NA,NA,NA,NA,NA,NA,NA,NA,NA,NA,NA,NA,NA,NA,NA,NA,NA,NA,NA,NA,NA,NA,NA,NA,NA,NA,NA,NA,NA,NA,NA,NA,NA,NA,NA,NA,NA,NA,NA,NA,NA,NA,NA,NA,NA,NA,NA,NA,NA,NA,NA,NA,NA,NA,NA,NA,NA,NA,NA,NA,NA,NA,NA,NA,NA,NA,NA,NA,NA,NA,NA,NA,NA,NA,NA,NA,NA,NA,NA,NA,NA,NA,NA,NA,NA,NA,NA,NA,NA,NA,NA,NA,NA,NA,NA,NA,NA,NA,NA,NA,NA,NA,NA,NA,NA,NA,NA,NA,NA,NA,NA,NA,NA,NA,NA,NA,NA,NA,NA,NA,NA,NA,NA,NA,NA,NA,NA,NA,NA,NA,NA,NA,NA,NA,NA,NA,NA,NA,NA,NA,NA,NA,NA,NA,NA,NA,NA,NA,NA,NA,NA,NA,NA,NA,NA,NA,NA,NA,NA,NA,0.178699303153785,NA,0.226010688487546,NA,NA,NA,NA,NA,NA,NA,NA,NA,NA,NA,NA,NA,NA,NA,NA,NA,NA,NA,NA,NA,NA,NA,NA,NA,NA,NA,NA,NA,NA,NA,NA,NA,NA,NA,NA,0.00829715264133096,0.00977650867646843,0.0332281423453776,NA,0.0148211223615666,NA,NA,NA,NA,NA,NA,NA,NA,NA,NA,NA,NA,NA,NA,NA,NA,NA,NA,NA,NA,NA,NA,NA,0.0124847681462973,NA,NA,NA,NA,NA,NA,0.0185926199941855,NA,NA,NA,NA,NA,NA,NA,NA,NA,NA,NA,NA,NA,NA,NA,0.0175190546846438,NA,NA,NA,NA,NA,0.0445233818041815,NA,NA,NA,NA,NA,NA,NA
"66",75000,NA,NA,NA,NA,NA,NA,NA,NA,NA,NA,NA,NA,NA,NA,NA,NA,NA,NA,NA,NA,NA,NA,NA,NA,NA,NA,NA,NA,NA,NA,NA,NA,NA,NA,NA,NA,NA,NA,NA,NA,NA,NA,NA,NA,NA,NA,NA,NA,NA,NA,NA,NA,NA,NA,NA,NA,NA,NA,NA,NA,NA,NA,NA,NA,NA,NA,NA,NA,NA,NA,NA,NA,NA,NA,NA,NA,NA,NA,NA,NA,NA,NA,NA,NA,NA,NA,NA,NA,NA,NA,NA,NA,NA,NA,NA,NA,NA,NA,NA,NA,NA,NA,NA,NA,NA,NA,NA,NA,NA,NA,NA,NA,NA,NA,NA,NA,NA,NA,NA,NA,NA,NA,NA,NA,NA,NA,NA,NA,NA,NA,NA,NA,NA,NA,NA,NA,NA,NA,NA,NA,NA,NA,NA,NA,NA,NA,NA,NA,NA,NA,NA,NA,NA,NA,NA,NA,NA,NA,NA,NA,NA,NA,NA,NA,NA,NA,NA,NA,NA,NA,NA,NA,NA,NA,NA,NA,NA,NA,NA,NA,NA,NA,NA,NA,NA,NA,NA,NA,NA,NA,NA,NA,NA,NA,NA,NA,NA,NA,NA,NA,NA,NA,NA,NA,NA,NA,NA,NA,NA,NA,NA,NA,NA,NA,NA,NA,NA,NA,NA,NA,NA,NA,NA,NA,NA,NA,NA,NA,NA,NA,NA,NA,NA,NA,NA,NA,NA,NA,NA,NA,NA,NA,NA,NA,NA,NA,NA,NA,NA,NA,NA,0.00746161786084141,NA,NA,NA,NA,NA,NA,NA,NA,NA,NA,NA,NA,NA,NA,NA,NA,NA,NA,NA
"67",80000,NA,NA,NA,NA,NA,NA,NA,NA,NA,NA,NA,NA,NA,NA,NA,NA,NA,NA,NA,NA,NA,NA,NA,NA,NA,NA,NA,NA,NA,NA,NA,NA,NA,NA,NA,NA,NA,NA,NA,NA,NA,NA,NA,NA,NA,NA,NA,NA,NA,NA,NA,NA,NA,NA,NA,NA,NA,NA,NA,NA,NA,NA,NA,NA,NA,NA,NA,NA,NA,NA,NA,NA,NA,NA,NA,NA,NA,NA,NA,NA,NA,NA,NA,NA,NA,NA,NA,NA,NA,NA,NA,NA,NA,NA,NA,NA,NA,NA,NA,NA,NA,NA,NA,NA,NA,NA,NA,NA,NA,NA,NA,NA,NA,NA,NA,NA,NA,NA,NA,NA,NA,NA,NA,NA,NA,NA,NA,NA,NA,NA,NA,NA,NA,NA,NA,NA,NA,NA,NA,NA,NA,NA,NA,NA,NA,NA,NA,NA,NA,NA,NA,NA,NA,NA,NA,NA,NA,NA,NA,NA,NA,NA,NA,NA,NA,NA,NA,NA,NA,NA,NA,NA,NA,NA,NA,NA,NA,NA,NA,NA,NA,NA,NA,NA,NA,NA,NA,NA,NA,NA,NA,NA,NA,NA,NA,NA,NA,NA,NA,NA,NA,NA,NA,NA,NA,NA,NA,0.00511598184204302,NA,NA,NA,NA,NA,NA,NA,NA,NA,NA,NA,NA,NA,NA,NA,NA,NA,NA,NA,NA,NA,NA,NA,NA,NA,NA,0.00914778489360259,NA,NA,NA,NA,NA,NA,0.016902072414864,NA,NA,NA,NA,NA,NA,NA,NA,NA,NA,NA,NA,NA,NA,NA,NA,NA,NA,NA,NA,NA,0.0261502406862587,NA,NA,NA,NA,NA,NA,NA
"68",80440,NA,NA,NA,NA,NA,NA,NA,NA,NA,NA,NA,NA,NA,NA,NA,NA,NA,NA,NA,NA,NA,NA,NA,NA,NA,NA,NA,NA,NA,NA,NA,NA,NA,NA,NA,NA,NA,NA,NA,NA,NA,NA,NA,NA,NA,NA,NA,NA,NA,NA,NA,NA,NA,NA,NA,NA,NA,NA,NA,NA,NA,NA,NA,NA,NA,NA,NA,NA,NA,NA,NA,NA,NA,NA,NA,NA,NA,NA,NA,NA,NA,NA,NA,NA,NA,NA,NA,NA,NA,NA,NA,NA,NA,NA,NA,NA,NA,NA,NA,NA,NA,NA,NA,NA,NA,NA,NA,NA,NA,NA,NA,NA,NA,NA,NA,NA,NA,NA,NA,NA,NA,NA,NA,NA,NA,NA,NA,NA,NA,NA,NA,NA,NA,NA,NA,NA,NA,NA,NA,NA,NA,NA,NA,NA,NA,NA,NA,NA,NA,NA,NA,NA,NA,NA,NA,NA,NA,NA,NA,NA,NA,NA,NA,NA,NA,NA,NA,NA,NA,NA,NA,NA,NA,NA,NA,NA,NA,NA,NA,NA,NA,NA,NA,NA,NA,NA,NA,NA,NA,NA,NA,NA,NA,NA,NA,NA,NA,NA,NA,NA,NA,NA,NA,NA,NA,NA,NA,NA,NA,NA,NA,NA,NA,NA,NA,NA,NA,NA,NA,NA,NA,NA,NA,NA,NA,NA,NA,NA,NA,NA,NA,NA,NA,NA,NA,NA,NA,NA,NA,NA,NA,NA,NA,NA,NA,NA,NA,NA,NA,NA,NA,NA,NA,NA,NA,NA,NA,0.00974410222787424,NA,NA,NA,NA,NA,NA,NA,NA,NA,NA,NA,NA,NA
"69",85000,NA,NA,NA,NA,NA,NA,NA,NA,NA,NA,NA,NA,NA,NA,NA,NA,NA,NA,NA,NA,NA,NA,NA,NA,NA,NA,NA,NA,NA,NA,NA,NA,NA,NA,NA,NA,NA,NA,NA,NA,NA,NA,NA,NA,NA,NA,NA,NA,NA,NA,NA,NA,NA,NA,NA,NA,NA,NA,NA,NA,NA,NA,NA,NA,NA,NA,NA,NA,NA,NA,NA,NA,NA,NA,NA,NA,NA,NA,NA,NA,NA,NA,NA,NA,NA,NA,NA,NA,NA,NA,NA,NA,NA,NA,NA,NA,NA,NA,NA,NA,NA,NA,NA,NA,NA,NA,NA,NA,NA,NA,NA,NA,NA,NA,NA,NA,NA,NA,NA,NA,NA,NA,NA,NA,NA,NA,NA,NA,NA,NA,NA,NA,NA,NA,NA,NA,NA,NA,NA,NA,NA,NA,NA,NA,NA,NA,NA,NA,NA,NA,NA,NA,NA,NA,NA,NA,NA,NA,NA,NA,NA,NA,NA,NA,NA,NA,NA,NA,NA,NA,NA,NA,NA,NA,NA,NA,NA,NA,NA,NA,NA,NA,NA,NA,NA,NA,NA,NA,NA,NA,NA,NA,NA,NA,NA,NA,NA,NA,NA,NA,NA,NA,NA,NA,NA,NA,NA,NA,NA,NA,NA,NA,NA,NA,NA,NA,NA,NA,NA,NA,NA,NA,NA,NA,NA,NA,NA,NA,NA,NA,NA,NA,NA,NA,NA,NA,NA,NA,NA,NA,NA,NA,NA,NA,NA,NA,NA,NA,NA,NA,NA,0.0104472780599986,NA,NA,NA,NA,NA,NA,NA,NA,NA,NA,NA,NA,NA,NA,NA,NA,NA,NA,NA
"70",90000,NA,NA,NA,NA,NA,NA,NA,NA,NA,NA,NA,NA,NA,NA,NA,NA,NA,NA,NA,NA,NA,NA,NA,NA,NA,NA,NA,NA,NA,NA,NA,NA,NA,NA,NA,NA,NA,NA,NA,NA,NA,NA,NA,NA,NA,NA,NA,NA,NA,NA,NA,NA,NA,NA,NA,NA,NA,NA,NA,NA,NA,NA,NA,NA,NA,NA,NA,NA,NA,NA,NA,NA,NA,NA,NA,NA,NA,NA,NA,NA,NA,NA,NA,NA,NA,NA,NA,NA,NA,NA,NA,NA,NA,NA,NA,NA,NA,NA,NA,NA,NA,NA,NA,NA,NA,NA,NA,NA,NA,NA,NA,NA,NA,NA,NA,NA,NA,NA,NA,NA,NA,NA,NA,NA,NA,NA,NA,NA,NA,NA,NA,NA,NA,NA,NA,NA,NA,NA,NA,NA,NA,NA,NA,NA,NA,NA,NA,NA,NA,NA,NA,NA,NA,NA,NA,NA,NA,NA,NA,NA,NA,NA,NA,NA,NA,NA,NA,NA,NA,NA,NA,NA,NA,NA,NA,NA,NA,NA,NA,NA,NA,NA,NA,NA,NA,NA,NA,NA,NA,NA,NA,NA,NA,NA,NA,NA,NA,NA,NA,NA,NA,NA,NA,NA,NA,NA,0.00936804044422283,0.00497850458594427,0.00542682760428965,NA,0.00377769843174329,NA,NA,NA,NA,NA,NA,NA,NA,NA,NA,NA,NA,NA,NA,NA,NA,NA,NA,NA,NA,NA,NA,NA,0.00790777994967044,NA,NA,NA,NA,NA,NA,0.0121260144493396,NA,NA,NA,NA,NA,NA,NA,NA,NA,NA,NA,NA,NA,NA,NA,NA,NA,NA,NA,NA,NA,0.0130492733351851,NA,NA,NA,NA,NA,NA,NA
"71",1e+05,NA,NA,NA,NA,NA,NA,NA,NA,NA,NA,NA,NA,NA,NA,NA,NA,NA,NA,NA,NA,NA,NA,NA,NA,NA,NA,NA,NA,NA,NA,NA,NA,NA,NA,NA,NA,NA,NA,NA,NA,NA,NA,NA,NA,NA,NA,NA,NA,NA,NA,NA,NA,NA,NA,NA,NA,NA,NA,NA,NA,NA,NA,NA,NA,NA,NA,NA,NA,NA,NA,NA,NA,NA,NA,NA,NA,NA,NA,NA,NA,NA,NA,NA,NA,NA,NA,NA,NA,NA,NA,NA,NA,NA,NA,NA,NA,NA,NA,NA,NA,NA,NA,NA,NA,NA,NA,NA,NA,NA,NA,NA,NA,NA,NA,NA,NA,NA,NA,NA,NA,NA,NA,NA,NA,NA,NA,NA,NA,NA,NA,NA,NA,NA,NA,NA,NA,NA,NA,NA,NA,NA,NA,NA,NA,NA,NA,NA,NA,NA,NA,NA,NA,NA,NA,NA,NA,NA,NA,NA,NA,NA,NA,NA,NA,NA,NA,NA,0.149918809210741,0.00592864145438508,NA,NA,NA,NA,NA,NA,NA,NA,NA,NA,NA,NA,NA,NA,NA,NA,NA,NA,NA,NA,NA,NA,NA,NA,NA,NA,NA,NA,NA,NA,NA,NA,NA,NA,NA,NA,NA,NA,NA,NA,NA,NA,NA,NA,NA,NA,NA,NA,NA,NA,NA,NA,NA,NA,NA,NA,NA,NA,NA,NA,NA,NA,NA,NA,NA,0.0074138214172402,NA,NA,NA,NA,NA,NA,NA,NA,NA,NA,NA,NA,NA,NA,NA,NA,NA,NA,NA,NA,NA,NA,0.00271288231030108,NA,NA,NA,NA,NA,0.00635855206516084,NA,NA,NA,NA,NA,NA,NA
